book	chapter	verse	sort	hebrew	strong	bsb	pnc
RUT	1	1	172442	בִּימֵי֙	H3117	In the days	
RUT	1	1	172444	הַשֹּׁפְטִ֔ים	H8199	when the judges	
RUT	1	1	172443	שְׁפֹ֣ט	H8199	ruled	,
RUT	1	1	172445	וַיְהִ֥י	H1961	. . .	
RUT	1	1	172441	וַיְהִ֗י	H1961	there was	
RUT	1	1	172446	רָעָ֖ב	H7458	a famine	
RUT	1	1	172447	בָּאָ֑רֶץ	H776	in the land	.
RUT	1	1	172449	אִ֜ישׁ	H376	And a certain man	
RUT	1	1	172450	מִבֵּ֧ית	H1035	vvv	
RUT	1	1	172451	לֶ֣חֶם	H1035	from Bethlehem	
RUT	1	1	172452	יְהוּדָ֗ה	H3063	in Judah	,
RUT	1	1	172457	וְאִשְׁתּ֖וֹ	H802	with his wife	
RUT	1	1	172458	וּשְׁנֵ֥י	H8147	and two	
RUT	1	1	172459	בָנָֽיו׃	H1121	sons	,
RUT	1	1	172448	וַיֵּ֨לֶךְ	H1980	went	
RUT	1	1	172453	לָגוּר֙	H1481	to reside	
RUT	1	1	172454	בִּשְׂדֵ֣י	H7704	in the land	
RUT	1	1	172455	מוֹאָ֔ב	H4124	of Moab	.
RUT	1	1	172456	ה֥וּא	H1931	-	
RUT	1	2	172471	הָאִ֣ישׁ	H376	The man’s	
RUT	1	2	172470	וְשֵׁ֣ם	H8034	name	
RUT	1	2	172472	אֱ‍ֽלִימֶ֡לֶךְ	H458	was Elimelech	,
RUT	1	2	172474	אִשְׁתּ֨וֹ	H802	his wife’s	
RUT	1	2	172473	וְשֵׁם֩	H8034	name	
RUT	1	2	172475	נָעֳמִ֜י	H5281	was Naomi	,
RUT	1	2	172476	וְשֵׁ֥ם	H8034	and the names	
RUT	1	2	172477	שְׁנֵֽי־	H8147	of his two	
RUT	1	2	172478	בָנָ֣יו׀	H1121	sons	
RUT	1	2	172479	מַחְל֤וֹן	H4248	were Mahlon	
RUT	1	2	172480	וְכִלְיוֹן֙	H3630	and Chilion	.
RUT	1	2	172481	אֶפְרָתִ֔ים	H673	They were Ephrathites	
RUT	1	2	172482	מִבֵּ֥ית	H1035	from	
RUT	1	2	172483	לֶ֖חֶם	H1035	Bethlehem	
RUT	1	2	172484	יְהוּדָ֑ה	H3063	in Judah	,
RUT	1	2	172485	וַיָּבֹ֥אוּ	H935	and they entered	
RUT	1	2	172486	שְׂדֵי־	H7704	the land	
RUT	1	2	172487	מוֹאָ֖ב	H4124	of Moab	
RUT	1	2	172488	וַיִּֽהְיוּ־	H1961	and settled	
RUT	1	2	172489	שָֽׁם׃	H8033	there	.
RUT	1	3	172503	נָעֳמִ֑י	H5281	Then Naomi’s	
RUT	1	3	172502	אִ֣ישׁ	H376	husband	
RUT	1	3	172501	אֱלִימֶ֖לֶךְ	H458	Elimelech	
RUT	1	3	172500	וַיָּ֥מָת	H4191	died	,
RUT	1	3	172505	הִ֖יא	H1931	and she	
RUT	1	3	172504	וַתִּשָּׁאֵ֥ר	H7604	was left	
RUT	1	3	172506	וּשְׁנֵ֥י	H8147	with her two	
RUT	1	3	172507	בָנֶֽיהָ׃	H1121	sons	,
RUT	1	4	172518	וַיִּשְׂא֣וּ	H5375	who took	
RUT	1	4	172519	לָהֶ֗ם		-	
RUT	1	4	172521	מֹֽאֲבִיּ֔וֹת	H4125	Moabite	
RUT	1	4	172520	נָשִׁים֙	H802	women as their wives	,
RUT	1	4	172523	הָֽאַחַת֙	H259	one	
RUT	1	4	172522	שֵׁ֤ם	H8034	named	
RUT	1	4	172524	עָרְפָּ֔ה	H6204	Orpah	
RUT	1	4	172526	הַשֵּׁנִ֖ית	H8145	and the other	
RUT	1	4	172525	וְשֵׁ֥ם	H8034	named	
RUT	1	4	172527	ר֑וּת	H7327	Ruth	.
RUT	1	4	172528	וַיֵּ֥שְׁבוּ	H3427	And after they had lived	
RUT	1	4	172529	שָׁ֖ם	H8033	in Moab	
RUT	1	4	172530	כְּעֶ֥שֶׂר	H6235	about ten	
RUT	1	4	172531	שָׁנִֽים׃	H8141	years	,
RUT	1	5	172544	שְׁנֵיהֶ֖ם	H8147	both	
RUT	1	5	172545	מַחְל֣וֹן	H4248	Mahlon	
RUT	1	5	172546	וְכִלְי֑וֹן	H3630	and Chilion	
RUT	1	5	172543	גַם־	H1571	also	
RUT	1	5	172542	וַיָּמ֥וּתוּ	H4191	died	,
RUT	1	5	172548	הָֽאִשָּׁ֔ה	H802	and Naomi	
RUT	1	5	172547	וַתִּשָּׁאֵר֙	H7604	was left	
RUT	1	5	172549	מִשְּׁנֵ֥י	H8147	without her two	
RUT	1	5	172550	יְלָדֶ֖יהָ	H3206	sons	
RUT	1	5	172551	וּמֵאִישָֽׁהּ׃	H376	and without her husband	.
RUT	1	6	172568	כִּ֤י	H3588	When	
RUT	1	6	172569	שָֽׁמְעָה֙	H8085	[Naomi] heard	
RUT	1	6	172570	בִּשְׂדֵ֣ה	H7704	. . .	
RUT	1	6	172571	מוֹאָ֔ב	H4124	in Moab	
RUT	1	6	172572	כִּֽי־	H3588	that	
RUT	1	6	172574	יְהוָה֙	H3068	the LORD	
RUT	1	6	172573	פָקַ֤ד	H6485	had attended to	
RUT	1	6	172575	אֶת־	H853	-	
RUT	1	6	172576	עַמּ֔וֹ	H5971	His people	
RUT	1	6	172577	לָתֵ֥ת	H5414	by providing	
RUT	1	6	172578	לָהֶ֖ם		them	
RUT	1	6	172579	לָֽחֶם׃	H3899	with food	,
RUT	1	6	172563	הִיא֙	H1931	she	
RUT	1	6	172564	וְכַלֹּתֶ֔יהָ	H3618	and her daughters-in-law	
RUT	1	6	172562	וַתָּ֤קָם	H6965	prepared	
RUT	1	6	172565	וַתָּ֖שָׁב	H7725	to leave	
RUT	1	6	172566	מִשְּׂדֵ֣י	H7704	the land	
RUT	1	6	172567	מוֹאָ֑ב	H4124	of Moab	.
RUT	1	7	172598	עִמָּ֑הּ	H5973	Accompanied by	
RUT	1	7	172596	וּשְׁתֵּ֥י	H8147	her two	
RUT	1	7	172597	כַלֹּתֶ֖יהָ	H3618	daughters-in-law	,
RUT	1	7	172590	וַתֵּצֵ֗א	H3318	she left	
RUT	1	7	172591	מִן־	H4480	. . .	
RUT	1	7	172592	הַמָּקוֹם֙	H4725	the place	
RUT	1	7	172593	אֲשֶׁ֣ר	H834	where	
RUT	1	7	172594	הָיְתָה־	H1961	she had been [living]	
RUT	1	7	172595	שָׁ֔מָּה	H8033	. . .	
RUT	1	7	172599	וַתֵּלַ֣כְנָה	H1980	and set out	
RUT	1	7	172600	בַדֶּ֔רֶךְ	H1870	on the road	
RUT	1	7	172601	לָשׁ֖וּב	H7725	leading back	
RUT	1	7	172602	אֶל־	H413	to	
RUT	1	7	172603	אֶ֥רֶץ	H776	the land	
RUT	1	7	172604	יְהוּדָֽה׃	H3063	of Judah	.
RUT	1	8	172616	נָעֳמִי֙	H5281	Then Naomi	
RUT	1	8	172615	וַתֹּ֤אמֶר	H559	said	
RUT	1	8	172617	לִשְׁתֵּ֣י	H8147	to her two	
RUT	1	8	172618	כַלֹּתֶ֔יהָ	H3618	daughters-in-law	,
RUT	1	8	172619	לֵ֣כְנָה	H1980	Go	
RUT	1	8	172620	שֹּׁ֔בְנָה	H7725	back	,
RUT	1	8	172621	אִשָּׁ֖ה	H802	each of you	
RUT	1	8	172623	אִמָּ֑הּ	H517	to your mother’s	
RUT	1	8	172622	לְבֵ֣ית	H1004	home	.
RUT	1	8	172628	יְהוָ֤ה	H3068	May the LORD	
RUT	1	8	172626	יַעֲשֶׂה	H6213	show	
RUT	1	8	172629	עִמָּכֶם֙	H5973	you	
RUT	1	8	172630	חֶ֔סֶד	H2617	loving devotion	,
RUT	1	8	172631	כַּאֲשֶׁ֧ר	H834	as	
RUT	1	8	172632	עֲשִׂיתֶ֛ם	H6213	you have shown	
RUT	1	8	172633	עִם־	H5973	to	
RUT	1	8	172634	הַמֵּתִ֖ים	H4191	your dead	
RUT	1	8	172635	וְעִמָּדִֽי׃	H5973	and to me	.
RUT	1	9	172647	יְהוָה֙	H3068	May the LORD	
RUT	1	9	172646	יִתֵּ֤ן	H5414	enable	
RUT	1	9	172651	אִשָּׁ֖ה	H802	each	
RUT	1	9	172648	לָכֶ֔ם		of you	
RUT	1	9	172649	וּמְצֶ֣אןָ	H4672	to find	
RUT	1	9	172650	מְנוּחָ֔ה	H4496	rest	
RUT	1	9	172652	בֵּ֣ית	H1004	in the home	
RUT	1	9	172653	אִישָׁ֑הּ	H376	of your new husband	.
RUT	1	9	172654	וַתִּשַּׁ֣ק	H5401	And she kissed	
RUT	1	9	172655	לָהֶ֔ן		them	
RUT	1	9	172658	וַתִּבְכֶּֽינָה׃	H1058	as they wept	
RUT	1	9	172656	וַתִּשֶּׂ֥אנָה	H5375	aloud	
RUT	1	9	172657	קוֹלָ֖ן	H6963	. . .	
RUT	1	10	172669	וַתֹּאמַ֖רְנָה־	H559	and said	
RUT	1	10	172670	לָּ֑הּ			,
RUT	1	10	172671	כִּי־	H3588	Surely	
RUT	1	10	172673	נָשׁ֖וּב	H7725	we will return	
RUT	1	10	172672	אִתָּ֥ךְ	H854	with you	
RUT	1	10	172674	לְעַמֵּֽךְ׃	H5971	to your people	.
RUT	1	11	172686	נָעֳמִי֙	H5281	But Naomi	
RUT	1	11	172685	וַתֹּ֤אמֶר	H559	replied	,
RUT	1	11	172687	שֹׁ֣בְנָה	H7725	Return home	,
RUT	1	11	172688	בְנֹתַ֔י	H1323	my daughters	.
RUT	1	11	172689	לָ֥מָּה	H4100	Why	
RUT	1	11	172690	תֵלַ֖כְנָה	H1980	would you go	
RUT	1	11	172691	עִמִּ֑י	H5973	with me	?
RUT	1	11	172692	הַֽעֽוֹד־	H5750	[Are] there still	
RUT	1	11	172694	בָנִים֙	H1121	sons	
RUT	1	11	172693	לִ֤י		vvv	
RUT	1	11	172695	בְּֽמֵעַ֔י	H4578	in my womb	
RUT	1	11	172696	וְהָי֥וּ	H1961	to become	
RUT	1	11	172697	לָכֶ֖ם		your	
RUT	1	11	172698	לַאֲנָשִֽׁים׃	H582	husbands	?
RUT	1	12	172709	שֹׁ֤בְנָה	H7725	Return home	,
RUT	1	12	172710	בְנֹתַי֙	H1323	my daughters	.
RUT	1	12	172711	לֵ֔כְןָ	H1980	Go on	,
RUT	1	12	172712	כִּ֥י	H3588	for	
RUT	1	12	172713	זָקַ֖נְתִּי	H2204	I am too old	
RUT	1	12	172714	מִהְי֣וֹת	H1961	to have	
RUT	1	12	172715	לְאִ֑ישׁ	H376	another husband	.
RUT	1	12	172716	כִּ֤י	H3588	Even if	
RUT	1	12	172717	אָמַ֙רְתִּי֙	H559	I thought	
RUT	1	12	172718	יֶשׁ־	H3426	there was	
RUT	1	12	172720	תִקְוָ֔ה	H8615	hope	
RUT	1	12	172719	לִ֣י		for me	
RUT	1	12	172722	הָיִ֤יתִי	H1961	to have	
RUT	1	12	172724	לְאִ֔ישׁ	H376	a husband	
RUT	1	12	172725	וְגַ֖ם	H1571	. . .	
RUT	1	12	172723	הַלַּ֙יְלָה֙	H3915	tonight	
RUT	1	12	172721	גַּ֣ם	H1571	and	
RUT	1	12	172726	יָלַ֥דְתִּי	H3205	to bear	
RUT	1	12	172727	בָנִֽים׃	H1121	sons	,
RUT	1	13	172739	תְּשַׂבֵּ֗רְנָה	H7663	would you wait	
RUT	1	13	172738	הֲלָהֵ֣ן׀	H3860	for them	
RUT	1	13	172740	עַ֚ד	H5704	to	
RUT	1	13	172741	אֲשֶׁ֣ר	H834	-	
RUT	1	13	172742	יִגְדָּ֔לוּ	H1431	grow up	?
RUT	1	13	172743	הֲלָהֵן֙	H3860	. . .	
RUT	1	13	172744	תֵּֽעָגֵ֔נָה	H5702	Would you refrain	
RUT	1	13	172745	לְבִלְתִּ֖י	H1115	from	
RUT	1	13	172746	הֱי֣וֹת	H1961	having	
RUT	1	13	172747	לְאִ֑ישׁ	H376	husbands	?
RUT	1	13	172748	אַ֣ל	H408	No	,
RUT	1	13	172749	בְּנֹתַ֗י	H1323	my daughters	,
RUT	1	13	172750	כִּֽי־	H3588	-	
RUT	1	13	172751	מַר־	H4843	it is much more bitter	
RUT	1	13	172753	מְאֹד֙	H3966	. . .	
RUT	1	13	172752	לִ֤י		for me	
RUT	1	13	172754	מִכֶּ֔ם		than for you	,
RUT	1	13	172755	כִּֽי־	H3588	because	
RUT	1	13	172758	יַד־	H3027	the hand	
RUT	1	13	172759	יְהוָֽה׃	H3068	of the LORD	
RUT	1	13	172756	יָצְאָ֥ה	H3318	has gone out	
RUT	1	13	172757	בִ֖י		against me	.
RUT	1	14	172773	ע֑וֹד	H5750	Again	
RUT	1	14	172772	וַתִּבְכֶּ֖ינָה	H1058	they wept	
RUT	1	14	172770	וַתִּשֶּׂ֣נָה	H5375	aloud	
RUT	1	14	172771	קוֹלָ֔ן	H6963	. . .	,
RUT	1	14	172775	עָרְפָּה֙	H6204	and Orpah	
RUT	1	14	172774	וַתִּשַּׁ֤ק	H5401	kissed	
RUT	1	14	172776	לַחֲמוֹתָ֔הּ	H2545	her mother-in-law {goodbye}	,
RUT	1	14	172777	וְר֖וּת	H7327	but Ruth	
RUT	1	14	172778	דָּ֥בְקָה	H1692	clung	
RUT	1	14	172779	בָּֽהּ׃		to her	.
RUT	1	15	172791	הִנֵּה֙	H2009	Look	,
RUT	1	15	172790	וַתֹּ֗אמֶר	H559	said Naomi	,
RUT	1	15	172793	יְבִמְתֵּ֔ךְ	H2994	your sister-in-law	
RUT	1	15	172792	שָׁ֣בָה	H7725	has gone back	
RUT	1	15	172794	אֶל־	H413	to	
RUT	1	15	172795	עַמָּ֖הּ	H5971	her people	
RUT	1	15	172796	וְאֶל־	H413	and	
RUT	1	15	172797	אֱלֹהֶ֑יהָ	H430	her gods	;
RUT	1	15	172798	שׁ֖וּבִי	H7725	follow	
RUT	1	15	172799	אַחֲרֵ֥י	H310	[her] back home	
RUT	1	15	172800	יְבִמְתֵּֽךְ׃	H2994	. . .	.
RUT	1	16	172812	רוּת֙	H7327	But Ruth	
RUT	1	16	172811	וַתֹּ֤אמֶר	H559	replied	:
RUT	1	16	172813	אַל־	H408	Do not	
RUT	1	16	172814	תִּפְגְּעִי־	H6293	urge	
RUT	1	16	172815	בִ֔י		me	
RUT	1	16	172816	לְעָזְבֵ֖ךְ	H5800	to leave you	
RUT	1	16	172817	לָשׁ֣וּב	H7725	[or] to turn	
RUT	1	16	172818	מֵאַחֲרָ֑יִךְ	H310	from following you	.
RUT	1	16	172819	כִּ֠י	H3588	For	
RUT	1	16	172820	אֶל־	H413	wherever	
RUT	1	16	172821	אֲשֶׁ֨ר	H834	-	
RUT	1	16	172822	תֵּלְכִ֜י	H1980	you go	,
RUT	1	16	172823	אֵלֵ֗ךְ	H1980	I will go	,
RUT	1	16	172824	וּבַאֲשֶׁ֤ר	H834	and wherever	
RUT	1	16	172825	תָּלִ֙ינִי֙	H3885	you live	,
RUT	1	16	172826	אָלִ֔ין	H3885	I will live	;
RUT	1	16	172827	עַמֵּ֣ךְ	H5971	your people	
RUT	1	16	172828	עַמִּ֔י	H5971	will be my people	,
RUT	1	16	172829	וֵאלֹהַ֖יִךְ	H430	and your God	
RUT	1	16	172830	אֱלֹהָֽי׃	H430	will be my God	.
RUT	1	17	172841	בַּאֲשֶׁ֤ר	H834	Where	
RUT	1	17	172842	תָּמ֙וּתִי֙	H4191	you die	,
RUT	1	17	172843	אָמ֔וּת	H4191	I will die	,
RUT	1	17	172844	וְשָׁ֖ם	H8033	and there	
RUT	1	17	172845	אֶקָּבֵ֑ר	H6912	I will be buried	.
RUT	1	17	172848	יְהוָ֥ה	H3068	May the LORD	
RUT	1	17	172846	כֹּה֩	H3541	vvv	
RUT	1	17	172847	יַעֲשֶׂ֨ה	H6213	punish	
RUT	1	17	172849	לִי֙		me	,
RUT	1	17	172850	וְכֹ֣ה	H3541	and ever so	
RUT	1	17	172851	יֹסִ֔יף	H3254	severely	,
RUT	1	17	172852	כִּ֣י	H3588	if	
RUT	1	17	172853	הַמָּ֔וֶת	H4194	anything but death	
RUT	1	17	172854	יַפְרִ֖יד	H6504	separates	
RUT	1	17	172855	בֵּינִ֥י	H996	you	
RUT	1	17	172856	וּבֵינֵֽךְ׃	H996	and me	.
RUT	1	18	172867	וַתֵּ֕רֶא	H7200	When Naomi saw	
RUT	1	18	172868	כִּֽי־	H3588	that	
RUT	1	18	172870	הִ֖יא	H1931	Ruth	
RUT	1	18	172869	מִתְאַמֶּ֥צֶת	H553	was determined	
RUT	1	18	172871	לָלֶ֣כֶת	H1980	to go	
RUT	1	18	172872	אִתָּ֑הּ	H854	with her	,
RUT	1	18	172873	וַתֶּחְדַּ֖ל	H2308	she stopped	
RUT	1	18	172874	לְדַבֵּ֥ר	H1696	trying to persuade her	
RUT	1	18	172875	אֵלֶֽיהָ׃	H413	. . .	.
RUT	1	19	172887	שְׁתֵּיהֶ֔ם	H8147	So [Naomi and Ruth]	
RUT	1	19	172886	וַתֵּלַ֣כְנָה	H1980	traveled	
RUT	1	19	172888	עַד־	H5704	until	
RUT	1	19	172889	בֹּאָ֖נָה	H935	they came	
RUT	1	19	172890	בֵּ֣ית	H1035	to	
RUT	1	19	172891	לָ֑חֶם	H1035	Bethlehem	.
RUT	1	19	172892	וַיְהִ֗י	H1961	When they	
RUT	1	19	172893	כְּבֹאָ֙נָה֙	H935	entered	
RUT	1	19	172894	בֵּ֣ית	H1035	vvv	
RUT	1	19	172895	לֶ֔חֶם	H1035	Bethlehem	,
RUT	1	19	172897	כָּל־	H3605	the whole	
RUT	1	19	172898	הָעִיר֙	H5892	town	
RUT	1	19	172896	וַתֵּהֹ֤ם	H1949	was stirred	
RUT	1	19	172899	עֲלֵיהֶ֔ן	H5921	because of them	,
RUT	1	19	172900	וַתֹּאמַ֖רְנָה	H559	and the women [of the town] exclaimed	,
RUT	1	19	172901	הֲזֹ֥את	H2063	Can this	
RUT	1	19	172902	נָעֳמִֽי׃	H5281	be Naomi	?
RUT	1	20	172915	אַל־	H408	Do not	
RUT	1	20	172916	תִּקְרֶ֥אנָה	H7121	call	
RUT	1	20	172917	לִ֖י		me	
RUT	1	20	172918	נָעֳמִ֑י	H5281	Naomi	,
RUT	1	20	172913	וַתֹּ֣אמֶר	H559	she replied	
RUT	1	20	172914	אֲלֵיהֶ֔ן	H413	. . .	.
RUT	1	20	172919	קְרֶ֤אןָ	H7121	Call	
RUT	1	20	172920	לִי֙		me	
RUT	1	20	172921	מָרָ֔א	H4755	Mara	,
RUT	1	20	172922	כִּי־	H3588	because	
RUT	1	20	172924	שַׁדַּ֛י	H7706	the Almighty	
RUT	1	20	172923	הֵמַ֥ר	H4843	has dealt quite bitterly	
RUT	1	20	172926	מְאֹֽד׃	H3966	. . .	
RUT	1	20	172925	לִ֖י		with me	.
RUT	1	21	172937	אֲנִי֙	H589	I	
RUT	1	21	172939	הָלַ֔כְתִּי	H1980	went away	
RUT	1	21	172938	מְלֵאָ֣ה	H4392	full	,
RUT	1	21	172942	יְהוָ֑ה	H3068	but the LORD	
RUT	1	21	172941	הֱשִׁיבַ֣נִי	H7725	has brought me back	
RUT	1	21	172940	וְרֵיקָ֖ם	H7387	empty	.
RUT	1	21	172943	לָ֣מָּה	H4100	Why	
RUT	1	21	172944	תִקְרֶ֤אנָה	H7121	call	
RUT	1	21	172945	לִי֙		me	
RUT	1	21	172946	נָעֳמִ֔י	H5281	Naomi	?
RUT	1	21	172947	וַֽיהוָה֙	H3068	After all, the LORD	
RUT	1	21	172948	עָ֣נָה	H6030	has testified	
RUT	1	21	172949	בִ֔י		against me	,
RUT	1	21	172950	וְשַׁדַּ֖י	H7706	and the Almighty	
RUT	1	21	172951	הֵ֥רַֽע	H7489	has afflicted	
RUT	1	21	172952	לִֽי׃		me	.
RUT	1	22	172964	נָעֳמִ֗י	H5281	So Naomi	
RUT	1	22	172963	וַתָּ֣שָׁב	H7725	returned	
RUT	1	22	172970	מִשְּׂדֵ֣י	H7704	from the land	
RUT	1	22	172971	מוֹאָ֑ב	H4124	of Moab	
RUT	1	22	172968	עִמָּ֔הּ	H5973	with	
RUT	1	22	172969	הַשָּׁ֖בָה	H7725	. . .	
RUT	1	22	172967	כַלָּתָהּ֙	H3618	her daughter-in-law	
RUT	1	22	172965	וְר֨וּת	H7327	Ruth	
RUT	1	22	172966	הַמּוֹאֲבִיָּ֤ה	H4125	the Moabitess	.
RUT	1	22	172972	וְהֵ֗מָּה	H1992	And they	
RUT	1	22	172973	בָּ֚אוּ	H935	arrived	
RUT	1	22	172974	בֵּ֣ית	H1035	vvv	
RUT	1	22	172975	לֶ֔חֶם	H1035	in Bethlehem	
RUT	1	22	172976	בִּתְחִלַּ֖ת	H8462	at the beginning	
RUT	1	22	172978	שְׂעֹרִֽים׃	H8184	of the barley	
RUT	1	22	172977	קְצִ֥יר	H7105	harvest	.
RUT	2	1	172989	וּֽלְנָעֳמִ֞י	H5281	Now Naomi	
RUT	2	1	172992	מְיֻדָּע	H3045	had a relative	
RUT	2	1	172994	לְאִישָׁ֗הּ	H376	on her husband’s side	,
RUT	2	1	172996	גִּבּ֣וֹר	H1368	a prominent	
RUT	2	1	172995	אִ֚ישׁ	H376	man	
RUT	2	1	172997	חַ֔יִל	H2428	of noble character	
RUT	2	1	172998	מִמִּשְׁפַּ֖חַת	H4940	from the clan	
RUT	2	1	172999	אֱלִימֶ֑לֶךְ	H458	of Elimelech	,
RUT	2	1	173000	וּשְׁמ֖וֹ	H8034	whose name	
RUT	2	1	173001	בֹּֽעַז׃	H1162	[was] Boaz	.
RUT	2	2	173013	ר֨וּת	H7327	And Ruth	
RUT	2	2	173014	הַמּוֹאֲבִיָּ֜ה	H4125	the Moabitess	
RUT	2	2	173015	אֶֽל־	H413	. . .	
RUT	2	2	173012	וַתֹּאמֶר֩	H559	said	
RUT	2	2	173016	נָעֳמִ֗י	H5281	to Naomi	,
RUT	2	2	173018	נָּ֤א	H4994	Please	
RUT	2	2	173017	אֵֽלְכָה־	H1980	let me go	
RUT	2	2	173019	הַשָּׂדֶה֙	H7704	into the fields	
RUT	2	2	173020	וַאֲלַקֳטָּ֣ה	H3950	and glean	
RUT	2	2	173021	בַשִׁבֳּלִ֔ים	H7641	heads of grain	
RUT	2	2	173022	אַחַ֕ר	H310	after [someone]	
RUT	2	2	173023	אֲשֶׁ֥ר	H834	in whose	
RUT	2	2	173026	בְּעֵינָ֑יו	H5869	sight	
RUT	2	2	173024	אֶמְצָא־	H4672	I may find	
RUT	2	2	173025	חֵ֖ן	H2580	favor	.
RUT	2	2	173029	לְכִ֥י	H1980	Go ahead	,
RUT	2	2	173030	בִתִּֽי׃	H1323	my daughter	,
RUT	2	2	173027	וַתֹּ֥אמֶר	H559	Naomi replied	
RUT	2	2	173028	לָ֖הּ			.
RUT	2	3	173041	וַתֵּ֤לֶךְ	H1980	So Ruth departed	
RUT	2	3	173042	וַתָּבוֹא֙	H935	and went out	
RUT	2	3	173044	בַּשָּׂדֶ֔ה	H7704	into the field	
RUT	2	3	173043	וַתְּלַקֵּ֣ט	H3950	and gleaned	
RUT	2	3	173045	אַחֲרֵ֖י	H310	after	
RUT	2	3	173046	הַקֹּצְרִ֑ים	H7114	the harvesters	.
RUT	2	3	173047	וַיִּ֣קֶר	H7136	And she happened	
RUT	2	3	173048	מִקְרֶ֔הָ	H4745	to come	
RUT	2	3	173049	חֶלְקַ֤ת	H2513	to the part	
RUT	2	3	173050	הַשָּׂדֶה֙	H7704	of the field	
RUT	2	3	173051	לְבֹ֔עַז	H1162	[belonging] to Boaz	,
RUT	2	3	173052	אֲשֶׁ֖ר	H834	who [was]	
RUT	2	3	173053	מִמִּשְׁפַּ֥חַת	H4940	from the clan	
RUT	2	3	173054	אֱלִימֶֽלֶךְ׃	H458	of Elimelech	.
RUT	2	4	173065	וְהִנֵּה־	H2009	Just then	
RUT	2	4	173066	בֹ֗עַז	H1162	Boaz	
RUT	2	4	173067	בָּ֚א	H935	arrived	
RUT	2	4	173068	מִבֵּ֣ית	H1035	from	
RUT	2	4	173069	לֶ֔חֶם	H1035	Bethlehem	
RUT	2	4	173070	וַיֹּ֥אמֶר	H559	and said	
RUT	2	4	173071	לַקּוֹצְרִ֖ים	H7114	to the harvesters	,
RUT	2	4	173072	יְהוָ֣ה	H3068	The LORD	
RUT	2	4	173073	עִמָּכֶ֑ם	H5973	be with you	.
RUT	2	4	173077	יְהוָֽה׃	H3068	The LORD	
RUT	2	4	173076	יְבָרֶכְךָ֥	H1288	bless you	,
RUT	2	4	173074	וַיֹּ֥אמְרוּ	H559	they replied	
RUT	2	4	173075	ל֖וֹ			.
RUT	2	5	173089	בֹּ֙עַז֙	H1162	And Boaz	
RUT	2	5	173088	וַיֹּ֤אמֶר	H559	asked	
RUT	2	5	173090	לְנַעֲר֔וֹ	H5288	the foreman	
RUT	2	5	173091	הַנִּצָּ֖ב	H5324	. . .	
RUT	2	5	173092	עַל־	H5921	of	
RUT	2	5	173093	הַקּֽוֹצְרִ֑ים	H7114	his harvesters	,
RUT	2	5	173094	לְמִ֖י	H4310	Whose	
RUT	2	5	173095	הַנַּעֲרָ֥ה	H5291	young woman	
RUT	2	5	173096	הַזֹּֽאת׃	H2063	is this	?
RUT	2	6	173108	הַנַּ֛עַר	H5288	The foreman	
RUT	2	6	173109	הַנִּצָּ֥ב	H5324	. . .	
RUT	2	6	173110	עַל־	H5921	. . .	
RUT	2	6	173111	הַקּוֹצְרִ֖ים	H7114	. . .	
RUT	2	6	173112	וַיֹּאמַ֑ר	H559	. . .	
RUT	2	6	173107	וַיַּ֗עַן	H6030	answered	,
RUT	2	6	173115	הִ֔יא	H1931	She [is]	
RUT	2	6	173114	מֽוֹאֲבִיָּה֙	H4125	the Moabitess	
RUT	2	6	173113	נַעֲרָ֤ה	H5291	. . .	
RUT	2	6	173116	הַשָּׁ֥בָה	H7725	who returned	
RUT	2	6	173117	עִֽם־	H5973	with	
RUT	2	6	173118	נָעֳמִ֖י	H5281	Naomi	
RUT	2	6	173119	מִשְּׂדֵ֥ה	H7704	from the land	
RUT	2	6	173120	מוֹאָֽב׃	H4124	of Moab	.
RUT	2	7	173131	וַתֹּ֗אמֶר	H559	She has said	,
RUT	2	7	173133	נָּא֙	H4994	Please	
RUT	2	7	173132	אֲלַקֳטָה־	H3950	let me glean	
RUT	2	7	173134	וְאָסַפְתִּ֣י	H622	and gather	
RUT	2	7	173135	בָֽעֳמָרִ֔ים	H6016	among the sheaves	
RUT	2	7	173136	אַחֲרֵ֖י	H310	after	
RUT	2	7	173137	הַקּוֹצְרִ֑ים	H7114	the harvesters	.
RUT	2	7	173138	וַתָּב֣וֹא	H935	So she came out	
RUT	2	7	173139	וַֽתַּעֲמ֗וֹד	H5975	and has continued	
RUT	2	7	173140	מֵאָ֤ז	H227	from	
RUT	2	7	173141	הַבֹּ֙קֶר֙	H1242	morning	
RUT	2	7	173142	וְעַד־	H5704	until	
RUT	2	7	173143	עַ֔תָּה	H6258	now	,
RUT	2	7	173144	זֶ֛ה	H2088	except	
RUT	2	7	173145	שִׁבְתָּ֥הּ	H3427	that she rested	
RUT	2	7	173147	מְעָֽט׃	H4592	a short time	
RUT	2	7	173146	הַבַּ֖יִת	H1004	in the shelter	.
RUT	2	8	173159	בֹּ֨עַז	H1162	Then Boaz	
RUT	2	8	173158	וַיֹּאמֶר֩	H559	said	
RUT	2	8	173160	אֶל־	H413	to	
RUT	2	8	173161	ר֜וּת	H7327	Ruth	,
RUT	2	8	173162	הֲל֧וֹא	H3808	-	
RUT	2	8	173163	שָׁמַ֣עַתְּ	H8085	Listen	,
RUT	2	8	173164	בִּתִּ֗י	H1323	my daughter	.
RUT	2	8	173165	אַל־	H408	Do not	
RUT	2	8	173166	תֵּלְכִי֙	H1980	go	
RUT	2	8	173167	לִלְקֹט֙	H3950	and glean	
RUT	2	8	173169	אַחֵ֔ר	H312	in another	
RUT	2	8	173168	בְּשָׂדֶ֣ה	H7704	field	,
RUT	2	8	173170	וְגַ֛ם	H1571	and	
RUT	2	8	173171	לֹ֥א	H3808	do not	
RUT	2	8	173172	תַעֲבוּרִ֖י	H5674	go away	
RUT	2	8	173173	מִזֶּ֑ה	H2088	from this [place]	,
RUT	2	8	173174	וְכֹ֥ה	H3541	but stay here	
RUT	2	8	173175	תִדְבָּקִ֖ין	H1692	close	
RUT	2	8	173176	עִם־	H5973	to	
RUT	2	8	173177	נַעֲרֹתָֽי׃	H5291	my servant girls	.
RUT	2	9	173188	עֵינַ֜יִךְ	H5869	[Let] your eyes [be on]	
RUT	2	9	173190	אֲשֶׁר־	H834	[the]	
RUT	2	9	173189	בַּשָּׂדֶ֤ה	H7704	field	
RUT	2	9	173191	יִקְצֹרוּן֙	H7114	they are harvesting	,
RUT	2	9	173192	וְהָלַ֣כְתִּ	H1980	and follow along	
RUT	2	9	173193	אַחֲרֵיהֶ֔ן	H310	after [these girls]	.
RUT	2	9	173194	הֲל֥וֹא	H3808	Indeed	,
RUT	2	9	173195	צִוִּ֛יתִי	H6680	I have ordered	
RUT	2	9	173196	אֶת־	H853	-	
RUT	2	9	173197	הַנְּעָרִ֖ים	H5288	the young men	
RUT	2	9	173198	לְבִלְתִּ֣י	H1115	not	
RUT	2	9	173199	נָגְעֵ֑ךְ	H5060	to touch you	.
RUT	2	9	173200	וְצָמִ֗ת	H6770	And when you are thirsty	,
RUT	2	9	173201	וְהָלַכְתְּ֙	H1980	go	
RUT	2	9	173202	אֶל־	H413	. . .	
RUT	2	9	173204	וְשָׁתִ֕ית	H8354	and drink	
RUT	2	9	173205	מֵאֲשֶׁ֥ר	H834	from	
RUT	2	9	173203	הַכֵּלִ֔ים	H3627	the jars	
RUT	2	9	173207	הַנְּעָרִֽים׃	H5288	the young men	
RUT	2	9	173206	יִשְׁאֲב֖וּן	H7579	have filled	.
RUT	2	10	173218	וַתִּפֹּל֙	H5307	At this, she fell	
RUT	2	10	173219	עַל־	H5921	on	
RUT	2	10	173220	פָּנֶ֔יהָ	H6440	her face	,
RUT	2	10	173221	וַתִּשְׁתַּ֖חוּ	H7812	bowing low	
RUT	2	10	173222	אָ֑רְצָה	H776	to the ground	,
RUT	2	10	173223	וַתֹּ֣אמֶר	H559	and said	
RUT	2	10	173224	אֵלָ֗יו	H413	to him	,
RUT	2	10	173225	מַדּוּעַ֩	H4069	Why	
RUT	2	10	173226	מָצָ֨אתִי	H4672	have I found	
RUT	2	10	173227	חֵ֤ן	H2580	such favor	
RUT	2	10	173228	בְּעֵינֶ֙יךָ֙	H5869	in your eyes	
RUT	2	10	173229	לְהַכִּירֵ֔נִי	H5234	that you should take notice of me	,
RUT	2	10	173230	וְאָּנֹכִ֖י	H595	even though I [am]	
RUT	2	10	173231	נָכְרִיָּֽה׃	H5237	a foreigner	?
RUT	2	11	173243	בֹּ֙עַז֙	H1162	Boaz	
RUT	2	11	173242	וַיַּ֤עַן	H6030	replied	
RUT	2	11	173244	וַיֹּ֣אמֶר	H559	. . .	
RUT	2	11	173245	לָ֔הּ		. . .	,
RUT	2	11	173246	הֻגֵּ֨ד	H5046	I have been made fully aware	
RUT	2	11	173247	הֻגַּ֜ד	H5046	. . .	
RUT	2	11	173248	לִ֗י		. . .	
RUT	2	11	173249	כֹּ֤ל	H3605	of all	
RUT	2	11	173250	אֲשֶׁר־	H834	-	
RUT	2	11	173251	עָשִׂית֙	H6213	you have done	
RUT	2	11	173252	אֶת־	H854	for	
RUT	2	11	173253	חֲמוֹתֵ֔ךְ	H2545	your mother-in-law	
RUT	2	11	173254	אַחֲרֵ֖י	H310	since	
RUT	2	11	173255	מ֣וֹת	H4194	the death	
RUT	2	11	173256	אִישֵׁ֑ךְ	H376	of your husband	,
RUT	2	11	173257	וַתַּֽעַזְבִ֞י	H5800	how you left	
RUT	2	11	173258	אָּבִ֣יךְ	H1	your father	
RUT	2	11	173259	וְאִמֵּ֗ךְ	H517	and mother	
RUT	2	11	173260	וְאֶ֙רֶץ֙	H776	and the land	
RUT	2	11	173261	מֽוֹלַדְתֵּ֔ךְ	H4138	of your birth	,
RUT	2	11	173262	וַתֵּ֣לְכִ֔י	H1980	and how you came	
RUT	2	11	173263	אֶל־	H413	to	
RUT	2	11	173264	עַ֕ם	H5971	a people	
RUT	2	11	173265	אֲשֶׁ֥ר	H834	-	
RUT	2	11	173266	לֹא־	H3808	you did not	
RUT	2	11	173267	יָדַ֖עַתְּ	H3045	know	
RUT	2	11	173268	תְּמ֥וֹל	H8543	before	
RUT	2	11	173269	שִׁלְשֽׁוֹם׃	H8032	. . .	.
RUT	2	12	173281	יְהוָ֖ה	H3068	May the LORD	
RUT	2	12	173280	יְשַׁלֵּ֥ם	H7999	repay	
RUT	2	12	173282	פָּעֳלֵ֑ךְ	H6467	your work	,
RUT	2	12	173283	וּתְהִ֨י	H1961	and may you receive	
RUT	2	12	173285	שְׁלֵמָ֗ה	H8003	a rich	
RUT	2	12	173284	מַשְׂכֻּרְתֵּ֜ךְ	H4909	reward	
RUT	2	12	173286	מֵעִ֤ם	H5973	from	
RUT	2	12	173287	יְהוָה֙	H3068	the LORD	,
RUT	2	12	173288	אֱלֹהֵ֣י	H430	the God	
RUT	2	12	173289	יִשְׂרָאֵ֔ל	H3478	of Israel	,
RUT	2	12	173293	תַּֽחַת־	H8478	under	
RUT	2	12	173290	אֲשֶׁר־	H834	whose	
RUT	2	12	173294	כְּנָפָֽיו׃	H3671	wings	
RUT	2	12	173291	בָּ֖את	H935	you have taken	
RUT	2	12	173292	לַחֲס֥וֹת	H2620	refuge	.
RUT	2	13	173309	אֲדֹנִי֙	H113	My lord	,
RUT	2	13	173305	וַ֠תֹּאמֶר	H559	she said	,
RUT	2	13	173306	אֶמְצָא־	H4672	may I continue to find	
RUT	2	13	173307	חֵ֨ן	H2580	favor	
RUT	2	13	173308	בְּעֵינֶ֤יךָ	H5869	in your eyes	,
RUT	2	13	173310	כִּ֣י	H3588	for	
RUT	2	13	173311	נִֽחַמְתָּ֔נִי	H5162	you have comforted	
RUT	2	13	173312	וְכִ֥י	H3588	. . .	
RUT	2	13	173313	דִבַּ֖רְתָּ	H1696	and spoken	
RUT	2	13	173315	לֵ֣ב	H3820	kindly	
RUT	2	13	173314	עַל־	H5921	to	
RUT	2	13	173316	שִׁפְחָתֶ֑ךָ	H8198	your maidservant	,
RUT	2	13	173317	וְאָנֹכִי֙	H595	though I	
RUT	2	13	173319	אֶֽהְיֶ֔ה	H1961	am	
RUT	2	13	173318	לֹ֣א	H3808	not	
RUT	2	13	173320	כְּאַחַ֖ת	H259	like one	
RUT	2	13	173321	שִׁפְחֹתֶֽיךָ׃	H8198	of your servant girls	.
RUT	2	14	173335	לְעֵ֣ת	H6256	At mealtime	
RUT	2	14	173336	הָאֹ֗כֶל	H400	. . .	
RUT	2	14	173334	בֹ֜עַז	H1162	Boaz	
RUT	2	14	173332	וַיֹּאמֶר֩	H559	said	
RUT	2	14	173333	לָ֨ה		to her	,
RUT	2	14	173337	גֹּ֤שִֽׁי	H5066	Come over	
RUT	2	14	173338	הֲלֹם֙	H1988	here	;
RUT	2	14	173339	וְאָכַ֣לְתְּ	H398	have	
RUT	2	14	173340	מִן־	H4480	some	
RUT	2	14	173341	הַלֶּ֔חֶם	H3899	bread	
RUT	2	14	173342	וְטָבַ֥לְתְּ	H2881	and dip	
RUT	2	14	173343	פִּתֵּ֖ךְ	H6595	it	
RUT	2	14	173344	בַּחֹ֑מֶץ	H2558	into the vinegar sauce	.
RUT	2	14	173345	וַתֵּ֙שֶׁב֙	H3427	So she sat down	
RUT	2	14	173346	מִצַּ֣ד	H6654	beside	
RUT	2	14	173347	הַקּֽוֹצְרִ֔ים	H7114	the harvesters	,
RUT	2	14	173348	וַיִּצְבָּט־	H6642	and he offered	
RUT	2	14	173349	לָ֣הּ		her	
RUT	2	14	173350	קָלִ֔י	H7039	roasted grain	,
RUT	2	14	173351	וַתֹּ֥אכַל	H398	and she ate	
RUT	2	14	173352	וַתִּשְׂבַּ֖ע	H7646	and was satisfied	
RUT	2	14	173353	וַתֹּתַֽר׃	H3498	and had some left over	.
RUT	2	15	173364	וַתָּ֖קָם	H6965	When [Ruth] got up	
RUT	2	15	173365	לְלַקֵּ֑ט	H3950	to glean	,
RUT	2	15	173367	בֹּ֨עַז	H1162	Boaz	
RUT	2	15	173368	אֶת־	H853	-	
RUT	2	15	173366	וַיְצַו֩	H6680	ordered	
RUT	2	15	173369	נְעָרָ֜יו	H5288	his young men	
RUT	2	15	173370	לֵאמֹ֗ר	H559	. . .	,
RUT	2	15	173371	גַּ֣ם	H1571	Even if	
RUT	2	15	173374	תְּלַקֵּ֖ט	H3950	she gathers	
RUT	2	15	173372	בֵּ֧ין	H996	among	
RUT	2	15	173373	הָֽעֳמָרִ֛ים	H6016	the sheaves	,
RUT	2	15	173375	וְלֹ֥א	H3808	do not	
RUT	2	15	173376	תַכְלִימֽוּהָ׃	H3637	insult her	.
RUT	2	16	173387	וְגַ֛ם	H1571	Rather	,
RUT	2	16	173388	שֹׁל־	H7997	pull out	
RUT	2	16	173389	תָּשֹׁ֥לּוּ	H7997	. . .	
RUT	2	16	173390	לָ֖הּ		for her	
RUT	2	16	173391	מִן־	H4480	[some stalks] from	
RUT	2	16	173392	הַצְּבָתִ֑ים	H6653	the bundles	
RUT	2	16	173393	וַעֲזַבְתֶּ֥ם	H5800	and leave them	
RUT	2	16	173394	וְלִקְּטָ֖ה	H3950	for her to gather	.
RUT	2	16	173395	וְלֹ֥א	H3808	Do not	
RUT	2	16	173396	תִגְעֲרוּ־	H1605	rebuke	
RUT	2	16	173397	בָֽהּ׃		her	.
RUT	2	17	173408	וַתְּלַקֵּ֥ט	H3950	So Ruth gathered grain	
RUT	2	17	173409	בַּשָּׂדֶ֖ה	H7704	in the field	
RUT	2	17	173410	עַד־	H5704	until	
RUT	2	17	173411	הָעָ֑רֶב	H6153	evening	.
RUT	2	17	173412	וַתַּחְבֹּט֙	H2251	And when she beat out	
RUT	2	17	173413	אֵ֣ת	H853	-	
RUT	2	17	173414	אֲשֶׁר־	H834	what	
RUT	2	17	173415	לִקֵּ֔טָה	H3950	she had gleaned	,
RUT	2	17	173416	וַיְהִ֖י	H1961	it was	
RUT	2	17	173417	כְּאֵיפָ֥ה	H374	about an ephah	
RUT	2	17	173418	שְׂעֹרִֽים׃	H8184	of barley	.
RUT	2	18	173429	וַתִּשָּׂא֙	H5375	She picked up the grain	
RUT	2	18	173430	וַתָּב֣וֹא	H935	and went into	
RUT	2	18	173431	הָעִ֔יר	H5892	the town	,
RUT	2	18	173433	חֲמוֹתָ֖הּ	H2545	where her mother-in-law	
RUT	2	18	173434	אֵ֣ת	H853	-	
RUT	2	18	173432	וַתֵּ֥רֶא	H7200	saw	
RUT	2	18	173435	אֲשֶׁר־	H834	what	
RUT	2	18	173436	לִקֵּ֑טָה	H3950	she had gleaned	.
RUT	2	18	173437	וַתּוֹצֵא֙	H3318	And she brought out	
RUT	2	18	173441	אֲשֶׁר־	H834	what	
RUT	2	18	173442	הוֹתִ֖רָה	H3498	she had saved	
RUT	2	18	173443	מִשָּׂבְעָֽהּ׃	H7648	from her meal	
RUT	2	18	173438	וַתִּתֶּן־	H5414	and gave it	
RUT	2	18	173439	לָ֔הּ		to [Naomi]	
RUT	2	18	173440	אֵ֥ת	H853	-	.
RUT	2	19	173456	חֲמוֹתָ֜הּ	H2545	Then her mother-in-law	
RUT	2	19	173454	וַתֹּאמֶר֩	H559	asked	
RUT	2	19	173455	לָ֨הּ		her	,
RUT	2	19	173457	אֵיפֹ֨ה	H375	Where	
RUT	2	19	173458	לִקַּ֤טְתְּ	H3950	did you glean	
RUT	2	19	173459	הַיּוֹם֙	H3117	today	,
RUT	2	19	173460	וְאָ֣נָה	H575	and where	
RUT	2	19	173461	עָשִׂ֔ית	H6213	did you work	?
RUT	2	19	173464	בָּר֑וּךְ	H1288	Blessed	
RUT	2	19	173462	יְהִ֥י	H1961	be [the man]	
RUT	2	19	173463	מַכִּירֵ֖ךְ	H5234	who noticed you	.
RUT	2	19	173465	וַתַּגֵּ֣ד	H5046	So she told	
RUT	2	19	173466	לַחֲמוֹתָ֗הּ	H2545	her mother-in-law	
RUT	2	19	173467	אֵ֤ת	H853	-	
RUT	2	19	173468	אֲשֶׁר־	H834	where	
RUT	2	19	173469	עָשְׂתָה֙	H6213	she had worked	
RUT	2	19	173470	עִמּ֔וֹ	H5973	-	.
RUT	2	19	173472	שֵׁ֤ם	H8034	The name	
RUT	2	19	173473	הָאִישׁ֙	H376	of the man	
RUT	2	19	173474	אֲשֶׁ֨ר	H834	-	
RUT	2	19	173475	עָשִׂ֧יתִי	H6213	I worked	
RUT	2	19	173476	עִמּ֛וֹ	H5973	with	
RUT	2	19	173477	הַיּ֖וֹם	H3117	today	
RUT	2	19	173478	בֹּֽעַז׃	H1162	is Boaz	,
RUT	2	19	173471	וַתֹּ֗אמֶר	H559	she said	.
RUT	2	20	173490	נָעֳמִ֜י	H5281	Then Naomi	
RUT	2	20	173489	וַתֹּ֨אמֶר	H559	said	
RUT	2	20	173491	לְכַלָּתָ֗הּ	H3618	to her daughter-in-law	,
RUT	2	20	173493	הוּא֙	H1931	May he	
RUT	2	20	173492	בָּר֥וּךְ	H1288	be blessed	
RUT	2	20	173494	לַיהוָ֔ה	H3068	by the LORD	,
RUT	2	20	173495	אֲשֶׁר֙	H834	who	
RUT	2	20	173496	לֹא־	H3808	has not	
RUT	2	20	173497	עָזַ֣ב	H5800	withdrawn	
RUT	2	20	173498	חַסְדּ֔וֹ	H2617	His kindness	
RUT	2	20	173499	אֶת־	H854	from	
RUT	2	20	173500	הַחַיִּ֖ים	H2416	the living	
RUT	2	20	173501	וְאֶת־	H854	. . .	
RUT	2	20	173502	הַמֵּתִ֑ים	H4191	or the dead	.
RUT	2	20	173505	נָעֳמִ֗י	H5281	Naomi	
RUT	2	20	173503	וַתֹּ֧אמֶר	H559	continued	
RUT	2	20	173504	לָ֣הּ			,
RUT	2	20	173508	הָאִ֔ישׁ	H376	The man	
RUT	2	20	173506	קָר֥וֹב	H7138	is a close relative	.
RUT	2	20	173510	הֽוּא׃	H1931	He	
RUT	2	20	173507	לָ֙נוּ֙		[is] one of our	
RUT	2	20	173509	מִֽגֹּאֲלֵ֖נוּ	H1350	kinsman-redeemers	.
RUT	2	21	173522	ר֣וּת	H7327	Then Ruth	
RUT	2	21	173523	הַמּוֹאֲבִיָּ֑ה	H4125	the Moabitess	
RUT	2	21	173521	וַתֹּ֖אמֶר	H559	said	,
RUT	2	21	173524	גַּ֣ם׀	H1571	He also	
RUT	2	21	173525	כִּי־	H3588	. . .	
RUT	2	21	173526	אָמַ֣ר	H559	told me	,
RUT	2	21	173527	אֵלַ֗י	H413	. . .	
RUT	2	21	173532	תִּדְבָּקִ֔ין	H1692	Stay	
RUT	2	21	173528	עִם־	H5973	with	
RUT	2	21	173529	הַנְּעָרִ֤ים	H5288	my young men	
RUT	2	21	173530	אֲשֶׁר־	H834	-	
RUT	2	21	173531	לִי֙		-	
RUT	2	21	173533	עַ֣ד	H5704	until	
RUT	2	21	173534	אִם־	H518	. . .	
RUT	2	21	173535	כִּלּ֔וּ	H3615	they have finished gathering	
RUT	2	21	173536	אֵ֥ת	H853	-	
RUT	2	21	173537	כָּל־	H3605	all	
RUT	2	21	173540	לִֽי׃		my	
RUT	2	21	173538	הַקָּצִ֖יר	H7105	harvest	
RUT	2	21	173539	אֲשֶׁר־	H834	-	.
RUT	2	22	173552	נָעֳמִ֖י	H5281	And Naomi	
RUT	2	22	173551	וַתֹּ֥אמֶר	H559	said	
RUT	2	22	173553	אֶל־	H413	to	
RUT	2	22	173555	כַּלָּתָ֑הּ	H3618	her daughter-in-law	
RUT	2	22	173554	ר֣וּת	H7327	Ruth	,
RUT	2	22	173557	בִּתִּ֗י	H1323	My daughter	,
RUT	2	22	173558	כִּ֤י	H3588	. . .	
RUT	2	22	173556	ט֣וֹב	H2896	it is good	
RUT	2	22	173559	תֵֽצְאִי֙	H3318	for you to work	
RUT	2	22	173560	עִם־	H5973	with	
RUT	2	22	173561	נַ֣עֲרוֹתָ֔יו	H5291	his young women	,
RUT	2	22	173562	וְלֹ֥א	H3808	so that nothing	
RUT	2	22	173563	יִפְגְּעוּ־	H6293	will happen	
RUT	2	22	173564	בָ֖ךְ		to you	
RUT	2	22	173566	אַחֵֽר׃	H312	in another	
RUT	2	22	173565	בְּשָׂדֶ֥ה	H7704	field	.
RUT	2	23	173577	וַתִּדְבַּ֞ק	H1692	So Ruth stayed close	
RUT	2	23	173578	בְּנַעֲר֥וֹת	H5291	to the servant girls	
RUT	2	23	173579	בֹּ֙עַז֙	H1162	of Boaz	
RUT	2	23	173580	לְלַקֵּ֔ט	H3950	to glean	
RUT	2	23	173581	עַד־	H5704	grain until	
RUT	2	23	173584	הַשְּׂעֹרִ֖ים	H8184	the barley	
RUT	2	23	173585	וּקְצִ֣יר	H7105	. . .	
RUT	2	23	173586	הַֽחִטִּ֑ים	H2406	and wheat	
RUT	2	23	173583	קְצִֽיר־	H7105	harvests	
RUT	2	23	173582	כְּל֥וֹת	H3615	were finished	.
RUT	2	23	173587	וַתֵּ֖שֶׁב	H3427	And she lived	
RUT	2	23	173588	אֶת־	H854	with	
RUT	2	23	173589	חֲמוֹתָֽהּ׃	H2545	her mother-in-law	.
RUT	3	1	173603	חֲמוֹתָ֑הּ	H2545	One day Ruth’s mother-in-law	
RUT	3	1	173602	נָעֳמִ֣י	H5281	Naomi	
RUT	3	1	173600	וַתֹּ֥אמֶר	H559	said	
RUT	3	1	173601	לָ֖הּ		to her	,
RUT	3	1	173604	בִּתִּ֞י	H1323	My daughter	,
RUT	3	1	173605	הֲלֹ֧א	H3808	should I not	
RUT	3	1	173606	אֲבַקֶּשׁ־	H1245	seek	
RUT	3	1	173608	מָנ֖וֹחַ	H4494	a resting place	
RUT	3	1	173607	לָ֛ךְ		for you	,
RUT	3	1	173609	אֲשֶׁ֥ר	H834	that	
RUT	3	1	173610	יִֽיטַב־	H3190	it may be well	
RUT	3	1	173611	לָֽךְ׃		with you	?
RUT	3	2	173622	וְעַתָּ֗ה	H6258	Now	
RUT	3	2	173623	הֲלֹ֥א	H3808	is not	
RUT	3	2	173624	בֹ֙עַז֙	H1162	Boaz	,
RUT	3	2	173628	אֶת־	H854	with	
RUT	3	2	173626	אֲשֶׁ֥ר	H834	whose	
RUT	3	2	173629	נַעֲרוֹתָ֑יו	H5291	servant girls	
RUT	3	2	173627	הָיִ֖ית	H1961	you have been [working]	,
RUT	3	2	173625	מֹֽדַעְתָּ֔נוּ	H4130	a relative of ours	?
RUT	3	2	173630	הִנֵּה־	H2009	In fact	,
RUT	3	2	173636	הַלָּֽיְלָה׃	H3915	tonight	
RUT	3	2	173631	ה֗וּא	H1931	he	
RUT	3	2	173632	זֹרֶ֛ה	H2219	is winnowing	
RUT	3	2	173633	אֶת־	H853	-	
RUT	3	2	173635	הַשְּׂעֹרִ֖ים	H8184	barley	
RUT	3	2	173634	גֹּ֥רֶן	H1637	on the threshing floor	.
RUT	3	3	173647	וְרָחַ֣צְתְּ׀	H7364	Therefore wash yourself	,
RUT	3	3	173648	וָסַ֗כְתְּ	H5480	put on perfume	,
RUT	3	3	173649	וְשַׂ֧מְתְּ	H7760	and wear	
RUT	3	3	173652	שִׂמְלֹתֵךְ	H8071	your best clothes	.
RUT	3	3	173654	עָלַ֖יִךְ	H5921	. . .	
RUT	3	3	173657	וְיָרַדְתִּי	H3381	Go down	
RUT	3	3	173659	הַגֹּ֑רֶן	H1637	to the threshing floor	,
RUT	3	3	173660	אַל־	H408	but do not	
RUT	3	3	173662	לָאִ֔ישׁ	H376	let the man	
RUT	3	3	173661	תִּוָּדְעִ֣י	H3045	know	
RUT	3	3	173663	עַ֥ד	H5704	you are there until	
RUT	3	3	173664	כַּלֹּת֖וֹ	H3615	he has finished	
RUT	3	3	173665	לֶאֱכֹ֥ל	H398	eating	
RUT	3	3	173666	וְלִשְׁתּֽוֹת׃	H8354	and drinking	.
RUT	3	4	173677	וִיהִ֣י	H1961	-	
RUT	3	4	173678	בְשָׁכְב֗וֹ	H7901	When he lies down	,
RUT	3	4	173679	וְיָדַ֙עַתְּ֙	H3045	note	
RUT	3	4	173680	אֶת־	H853	-	
RUT	3	4	173681	הַמָּקוֹם֙	H4725	the place	
RUT	3	4	173682	אֲשֶׁ֣ר	H834	where	
RUT	3	4	173683	יִשְׁכַּב־	H7901	he lies	.
RUT	3	4	173684	שָׁ֔ם	H8033	. . .	
RUT	3	4	173685	וּבָ֛את	H935	Then go in	
RUT	3	4	173686	וְגִלִּ֥ית	H1540	and uncover	
RUT	3	4	173687	מַרְגְּלֹתָ֖יו	H4772	his feet	,
RUT	3	4	173690	וְשָׁכָבְתִּי	H7901	and lie down	,
RUT	3	4	173692	וְהוּא֙	H1931	and he	
RUT	3	4	173693	יַגִּ֣יד	H5046	will explain	
RUT	3	4	173694	לָ֔ךְ		to you	
RUT	3	4	173695	אֵ֖ת	H853	-	
RUT	3	4	173696	אֲשֶׁ֥ר	H834	what	
RUT	3	4	173697	תַּעַשִֽׂין׃	H6213	you should do	.
RUT	3	5	173715	אֶֽעֱשֶֽׂה׃	H6213	I will do	
RUT	3	5	173710	כֹּ֛ל	H3605	everything	
RUT	3	5	173711	אֲשֶׁר־	H834	-	
RUT	3	5	173712	תֹּאמְרִ֥יֵַ֖	H559	you say	,
RUT	3	5	173708	וַתֹּ֖אמֶר	H559	[Ruth] answered	
RUT	3	5	173709	אֵלֶ֑יהָ	H413	-	.
RUT	3	6	173726	וַתֵּ֖רֶד	H3381	So she went down	
RUT	3	6	173727	הַגֹּ֑רֶן	H1637	to the threshing floor	
RUT	3	6	173728	וַתַּ֕עַשׂ	H6213	and did	
RUT	3	6	173729	כְּכֹ֥ל	H3605	everything	
RUT	3	6	173730	אֲשֶׁר־	H834	-	
RUT	3	6	173732	חֲמוֹתָֽהּ׃	H2545	her mother-in-law	
RUT	3	6	173731	צִוַּ֖תָּה	H6680	had instructed her [to do]	.
RUT	3	7	173744	בֹּ֤עַז	H1162	After Boaz	
RUT	3	7	173743	וַיֹּ֨אכַל	H398	had finished eating	
RUT	3	7	173745	וַיֵּשְׁתְּ֙	H8354	and drinking	
RUT	3	7	173746	וַיִּיטַ֣ב	H3190	and was in good spirits	
RUT	3	7	173747	לִבּ֔וֹ	H3820	. . .	,
RUT	3	7	173748	וַיָּבֹ֕א	H935	he went	
RUT	3	7	173749	לִשְׁכַּ֖ב	H7901	to lie down	
RUT	3	7	173750	בִּקְצֵ֣ה	H7097	at the end	
RUT	3	7	173751	הָעֲרֵמָ֑ה	H6194	of the heap of grain	.
RUT	3	7	173752	וַתָּבֹ֣א	H935	Then [Ruth] went in secretly	
RUT	3	7	173753	בַלָּ֔ט	H3909	. . .	,
RUT	3	7	173754	וַתְּגַ֥ל	H1540	uncovered	
RUT	3	7	173755	מַרְגְּלֹתָ֖יו	H4772	his feet	,
RUT	3	7	173756	וַתִּשְׁכָּֽב׃	H7901	and lay down	.
RUT	3	8	173767	וַיְהִי֙	H1961	-	
RUT	3	8	173768	בַּחֲצִ֣י	H2677	At midnight	
RUT	3	8	173769	הַלַּ֔יְלָה	H3915	. . .	,
RUT	3	8	173771	הָאִ֖ישׁ	H376	Boaz	
RUT	3	8	173770	וַיֶּחֱרַ֥ד	H2729	was startled	,
RUT	3	8	173772	וַיִּלָּפֵ֑ת	H3943	turned over	,
RUT	3	8	173773	וְהִנֵּ֣ה	H2009	and there	
RUT	3	8	173775	שֹׁכֶ֖בֶת	H7901	lying	
RUT	3	8	173776	מַרְגְּלֹתָֽיו׃	H4772	at his feet	
RUT	3	8	173774	אִשָּׁ֔ה	H802	was a woman	!
RUT	3	9	173788	מִי־	H4310	Who	
RUT	3	9	173789	אָ֑תּ	H859	are you	?
RUT	3	9	173787	וַיֹּ֖אמֶר	H559	he asked	.
RUT	3	9	173791	אָנֹכִי֙	H595	I [am]	
RUT	3	9	173793	אֲמָתֶ֔ךָ	H519	your servant	
RUT	3	9	173792	ר֣וּת	H7327	Ruth	,
RUT	3	9	173790	וַתֹּ֗אמֶר	H559	she replied	.
RUT	3	9	173794	וּפָרַשְׂתָּ֤	H6566	Spread	
RUT	3	9	173795	כְנָפֶ֙ךָ֙	H3671	the corner of your garment	
RUT	3	9	173796	עַל־	H5921	over	
RUT	3	9	173797	אֲמָ֣תְךָ֔	H519	me	,
RUT	3	9	173798	כִּ֥י	H3588	for	
RUT	3	9	173800	אָֽתָּה׃	H859	you	
RUT	3	9	173799	גֹאֵ֖ל	H1350	are a kinsman-redeemer	.
RUT	3	10	173811	וַיֹּ֗אמֶר	H559	Then [Boaz] said	,
RUT	3	10	173814	לַֽיהוָה֙	H3068	May the LORD	
RUT	3	10	173812	בְּרוּכָ֨ה	H1288	bless	
RUT	3	10	173813	אַ֤תְּ	H859	you	,
RUT	3	10	173815	בִּתִּ֔י	H1323	my daughter	.
RUT	3	10	173816	הֵיטַ֛בְתְּ	H3190	You have shown	
RUT	3	10	173817	חַסְדֵּ֥ךְ	H2617	more kindness	
RUT	3	10	173818	הָאַחֲר֖וֹן	H314	now	
RUT	3	10	173819	מִן־	H4480	than	
RUT	3	10	173820	הָרִאשׁ֑וֹן	H7223	before	,
RUT	3	10	173821	לְבִלְתִּי־	H1115	because you have not	
RUT	3	10	173822	לֶ֗כֶת	H1980	run	
RUT	3	10	173823	אַחֲרֵי֙	H310	after	
RUT	3	10	173824	הַבַּ֣חוּרִ֔ים	H970	the younger men	,
RUT	3	10	173825	אִם־	H518	whether	
RUT	3	10	173828	עָשִֽׁיר׃	H6223	rich	
RUT	3	10	173827	וְאִם־	H518	or	
RUT	3	10	173826	דַּ֖ל	H1800	poor	.
RUT	3	11	173839	וְעַתָּ֗ה	H6258	And now	
RUT	3	11	173841	אַל־	H408	do not	
RUT	3	11	173842	תִּ֣ירְאִ֔י	H3372	be afraid	,
RUT	3	11	173840	בִּתִּי֙	H1323	my daughter	.
RUT	3	11	173846	אֶֽעֱשֶׂה־	H6213	I will do	
RUT	3	11	173847	לָּ֑ךְ		for you	
RUT	3	11	173843	כֹּ֥ל	H3605	whatever	
RUT	3	11	173844	אֲשֶׁר־	H834	-	
RUT	3	11	173845	תֹּאמְרִ֖י	H559	you request	,
RUT	3	11	173848	כִּ֤י	H3588	since	
RUT	3	11	173850	כָּל־	H3605	all	
RUT	3	11	173852	עַמִּ֔י	H5971	my fellow townspeople	
RUT	3	11	173851	שַׁ֣עַר	H8179	. . .	
RUT	3	11	173849	יוֹדֵ֙עַ֙	H3045	know	
RUT	3	11	173853	כִּ֛י	H3588	that	
RUT	3	11	173856	אָֽתְּ׃	H859	you	
RUT	3	11	173854	אֵ֥שֶׁת	H802	are a woman	
RUT	3	11	173855	חַ֖יִל	H2428	of noble character	.
RUT	3	12	173867	וְעַתָּה֙	H6258	-	
RUT	3	12	173868	כִּ֣י	H3588	Yes	,
RUT	3	12	173869	אָמְנָ֔ם	H551	it is true	
RUT	3	12	173870	כִּ֥י	H3588	that	
RUT	3	12	173874	אָנֹ֑כִי	H595	I [am]	
RUT	3	12	173870.5	אם	H518		
RUT	3	12	173873	גֹאֵ֖ל	H1350	a kinsman-redeemer	,
RUT	3	12	173875	וְגַ֛ם	H1571	but	
RUT	3	12	173876	יֵ֥שׁ	H3426	there is	
RUT	3	12	173877	גֹּאֵ֖ל	H1350	a redeemer	
RUT	3	12	173878	קָר֥וֹב	H7138	nearer	
RUT	3	12	173879	מִמֶּֽנִּי׃	H4480	than I	.
RUT	3	13	173890	לִ֣ינִי׀	H3885	Stay here tonight	
RUT	3	13	173891	הַלַּ֗יְלָה	H3915	. . .	,
RUT	3	13	173892	וְהָיָ֤ה	H1961	. . .	
RUT	3	13	173893	בַבֹּ֙קֶר֙	H1242	and in the morning	,
RUT	3	13	173894	אִם־	H518	if	
RUT	3	13	173895	יִגְאָלֵ֥ךְ	H1350	he wants to redeem you	,
RUT	3	13	173896	טוֹב֙	H2896	good	.
RUT	3	13	173897	יִגְאָ֔ל	H1350	Let him redeem you	.
RUT	3	13	173898	וְאִם־	H518	But if	
RUT	3	13	173899	לֹ֨א	H3808	he does not	
RUT	3	13	173900	יַחְפֹּ֧ץ	H2654	want	
RUT	3	13	173901	לְגָֽאֳלֵ֛ךְ	H1350	to redeem you	,
RUT	3	13	173905	יְהוָ֑ה	H3068	as surely as the LORD	
RUT	3	13	173904	חַי־	H2416	lives	,
RUT	3	13	173903	אָנֹ֖כִי	H595	I	
RUT	3	13	173902	וּגְאַלְתִּ֥יךְ	H1350	will	.
RUT	3	13	173906	שִׁכְבִ֖י	H7901	Now lie here	
RUT	3	13	173907	עַד־	H5704	until	
RUT	3	13	173908	הַבֹּֽקֶר׃	H1242	morning	.
RUT	3	14	173919	וַתִּשְׁכַּ֤ב	H7901	So she lay down	
RUT	3	14	173922	מַרְגְּלֹתָו	H4772	at his feet	
RUT	3	14	173924	עַד־	H5704	until	
RUT	3	14	173925	הַבֹּ֔קֶר	H1242	morning	,
RUT	3	14	173926	וַתָּ֕קָם	H6965	but she got up	
RUT	3	14	173929	בִּטְרוֹם	H2958	before	
RUT	3	14	173932	אִ֖ישׁ	H376	anyone	
RUT	3	14	173933	אֶת־	H853	-	
RUT	3	14	173934	רֵעֵ֑הוּ	H7453	else	
RUT	3	14	173931	יַכִּ֥יר	H5234	could recognize her	.
RUT	3	14	173935	וַיֹּ֙אמֶר֙	H559	Then Boaz said	,
RUT	3	14	173936	אַל־	H408	Do not	
RUT	3	14	173937	יִוָּדַ֔ע	H3045	let it be known	
RUT	3	14	173938	כִּי־	H3588	that	
RUT	3	14	173940	הָאִשָּׁ֖ה	H802	a woman	
RUT	3	14	173939	בָ֥אָה	H935	came	
RUT	3	14	173941	הַגֹּֽרֶן׃	H1637	to the threshing floor	.
RUT	3	15	173952	וַיֹּ֗אמֶר	H559	And he told her	,
RUT	3	15	173953	הָ֠בִי	H3051	Bring	
RUT	3	15	173954	הַמִּטְפַּ֧חַת	H4304	the shawl	
RUT	3	15	173955	אֲשֶׁר־	H834	-	
RUT	3	15	173956	עָלַ֛יִךְ	H5921	you are wearing	
RUT	3	15	173957	וְאֶֽחֳזִי־	H270	and hold	
RUT	3	15	173958	בָ֖הּ		it out	.
RUT	3	15	173959	וַתֹּ֣אחֶז	H270	When she [did so]	
RUT	3	15	173960	בָּ֑הּ		. . .	,
RUT	3	15	173961	וַיָּ֤מָד	H4058	he poured in	
RUT	3	15	173962	שֵׁשׁ־	H8337	six [measures]	
RUT	3	15	173963	שְׂעֹרִים֙	H8184	of barley	
RUT	3	15	173964	וַיָּ֣שֶׁת	H7896	and placed it	
RUT	3	15	173965	עָלֶ֔יהָ	H5921	on her	.
RUT	3	15	173966	וַיָּבֹ֖א	H935	Then he went	
RUT	3	15	173967	הָעִֽיר׃	H5892	into the city	.
RUT	3	16	173978	וַתָּבוֹא֙	H935	When Ruth returned	
RUT	3	16	173979	אֶל־	H413	to	
RUT	3	16	173980	חֲמוֹתָ֔הּ	H2545	her mother-in-law	,
RUT	3	16	173981	וַתֹּ֖אמֶר	H559	Naomi asked her	,
RUT	3	16	173982	מִי־	H4310	How did it go	
RUT	3	16	173983	אַ֣תְּ	H859	. . .	,
RUT	3	16	173984	בִּתִּ֑י	H1323	my daughter	?
RUT	3	16	173985	וַתַּ֨גֶּד־	H5046	Then Ruth told	
RUT	3	16	173986	לָ֔הּ		her	
RUT	3	16	173987	אֵ֛ת	H853	-	
RUT	3	16	173988	כָּל־	H3605	all	
RUT	3	16	173989	אֲשֶׁ֥ר	H834	that	
RUT	3	16	173992	הָאִֽישׁ׃	H376	[Boaz]	
RUT	3	16	173990	עָֽשָׂה־	H6213	had done	
RUT	3	16	173991	לָ֖הּ		for her	.
RUT	3	17	174003	וַתֹּ֕אמֶר	H559	And she said	,
RUT	3	17	174007	נָ֣תַן	H5414	He gave	
RUT	3	17	174008	לִ֑י		me	
RUT	3	17	174006	הָאֵ֖לֶּה	H428	these	
RUT	3	17	174004	שֵׁשׁ־	H8337	six	
RUT	3	17	174005	הַשְּׂעֹרִ֥ים	H8184	measures of barley	,
RUT	3	17	174009	כִּ֚י	H3588	for	
RUT	3	17	174010	אָמַ֣רֵַ֔	H559	he said	,
RUT	3	17	174013	אַל־	H408	Do not	
RUT	3	17	174014	תָּב֥וֹאִי	H935	go back	
RUT	3	17	174016	אֶל־	H413	to	
RUT	3	17	174017	חֲמוֹתֵֽךְ׃	H2545	your mother-in-law	
RUT	3	17	174015	רֵיקָ֖ם	H7387	empty-handed	.
RUT	3	18	174029	שְׁבִ֣י	H3427	Wait	,
RUT	3	18	174030	בִתִּ֔י	H1323	my daughter	,
RUT	3	18	174028	וַתֹּ֙אמֶר֙	H559	said Naomi	,
RUT	3	18	174031	עַ֚ד	H5704	until	
RUT	3	18	174032	אֲשֶׁ֣ר	H834	-	
RUT	3	18	174033	תֵּֽדְעִ֔ין	H3045	you find out	
RUT	3	18	174034	אֵ֖יךְ	H349	how	
RUT	3	18	174036	דָּבָ֑ר	H1697	things	
RUT	3	18	174035	יִפֹּ֣ל	H5307	go	,
RUT	3	18	174037	כִּ֣י	H3588	for	
RUT	3	18	174040	הָאִ֔ישׁ	H376	he	
RUT	3	18	174038	לֹ֤א	H3808	will not	
RUT	3	18	174039	יִשְׁקֹט֙	H8252	rest	
RUT	3	18	174041	כִּֽי־	H3588	unless	
RUT	3	18	174042	אִם־	H518	. . .	
RUT	3	18	174043	כִּלָּ֥ה	H3615	he has resolved	
RUT	3	18	174044	הַדָּבָ֖ר	H1697	the matter	
RUT	3	18	174045	הַיּֽוֹם׃	H3117	today	.
RUT	4	1	174056	וּבֹ֨עַז	H1162	Meanwhile, Boaz	
RUT	4	1	174057	עָלָ֣ה	H5927	went	
RUT	4	1	174058	הַשַּׁעַר֮	H8179	to the gate	
RUT	4	1	174059	וַיֵּ֣שֶׁב	H3427	and sat down	
RUT	4	1	174060	שָׁם֒	H8033	there	.
RUT	4	1	174061	וְהִנֵּ֨ה	H2009	Soon	
RUT	4	1	174062	הַגֹּאֵ֤ל	H1350	the kinsman-redeemer	
RUT	4	1	174066	בֹּ֔עַז	H1162	of whom [he]	
RUT	4	1	174065	דִּבֶּר־	H1696	had spoken	
RUT	4	1	174063	עֹבֵר֙	H5674	came along	,
RUT	4	1	174064	אֲשֶׁ֣ר	H834	-	
RUT	4	1	174067	וַיֹּ֛אמֶר	H559	and Boaz said	,
RUT	4	1	174068	ס֥וּרָה	H5493	Come over	
RUT	4	1	174070	פֹּ֖ה	H6311	here	,
RUT	4	1	174071	פְּלֹנִ֣י	H6423	my friend	
RUT	4	1	174072	אַלְמֹנִ֑י	H492	. . .	,
RUT	4	1	174069	שְׁבָה־	H3427	and sit down	.
RUT	4	1	174073	וַיָּ֖סַר	H5493	So he went over	
RUT	4	1	174074	וַיֵּשֵֽׁב׃	H3427	and sat down	.
RUT	4	2	174085	וַיִּקַּ֞ח	H3947	Then Boaz took	
RUT	4	2	174086	עֲשָׂרָ֧ה	H6235	ten	
RUT	4	2	174087	אֲנָשִׁ֛ים	H582	. . .	
RUT	4	2	174088	מִזִּקְנֵ֥י	H2205	of the elders	
RUT	4	2	174089	הָעִ֖יר	H5892	of the city	
RUT	4	2	174090	וַיֹּ֣אמֶר	H559	and said	,
RUT	4	2	174091	שְׁבוּ־	H3427	Sit	
RUT	4	2	174092	פֹ֑ה	H6311	here	,
RUT	4	2	174093	וַיֵּשֵֽׁבוּ׃	H3427	and they did so	.
RUT	4	3	174104	וַיֹּ֙אמֶר֙	H559	And he said	
RUT	4	3	174105	לַגֹּאֵ֔ל	H1350	to the kinsman-redeemer	,
RUT	4	3	174112	נָעֳמִ֔י	H5281	Naomi	,
RUT	4	3	174113	הַשָּׁ֖בָה	H7725	who has returned	
RUT	4	3	174114	מִשְּׂדֵ֥ה	H7704	from the land	
RUT	4	3	174115	מוֹאָֽב׃	H4124	of Moab	,
RUT	4	3	174111	מָכְרָ֣ה	H4376	is selling	
RUT	4	3	174106	חֶלְקַת֙	H2513	the piece	
RUT	4	3	174107	הַשָּׂדֶ֔ה	H7704	of land	
RUT	4	3	174108	אֲשֶׁ֥ר	H834	that	
RUT	4	3	174109	לְאָחִ֖ינוּ	H251	belonged to our brother	
RUT	4	3	174110	לֶאֱלִימֶ֑לֶךְ	H458	Elimelech	.
RUT	4	4	174126	וַאֲנִ֨י	H589	I	
RUT	4	4	174127	אָמַ֜רְתִּי	H559	thought	
RUT	4	4	174128	אֶגְלֶ֧ה	H1540	I should inform	
RUT	4	4	174129	אָזְנְךָ֣	H241	you	
RUT	4	4	174130	לֵאמֹ֗ר	H559	that	
RUT	4	4	174131	קְ֠נֵה	H7069	you may buy it back	
RUT	4	4	174132	נֶ֥גֶד	H5048	in the presence of	
RUT	4	4	174133	הַֽיֹּשְׁבִים֮	H3427	those seated here	
RUT	4	4	174134	וְנֶ֣גֶד	H5048	and in the presence of	
RUT	4	4	174135	זִקְנֵ֣י	H2205	the elders	
RUT	4	4	174136	עַמִּי֒	H5971	of my people	.
RUT	4	4	174137	אִם־	H518	If	
RUT	4	4	174138	תִּגְאַל֙	H1350	you want to redeem it	,
RUT	4	4	174139	גְּאָ֔ל	H1350	do so	.
RUT	4	4	174140	וְאִם־	H518	But if you	
RUT	4	4	174141	לֹ֨א	H3808	will not	
RUT	4	4	174142	יִגְאַ֜ל	H1350	redeem [it]	,
RUT	4	4	174143	הַגִּ֣ידָה	H5046	tell	
RUT	4	4	174144	לִּ֗י		me	
RUT	4	4	174147	וְאֵדַע	H3045	so I may know	,
RUT	4	4	174149	כִּ֣י	H3588	because	
RUT	4	4	174150	אֵ֤ין	H369	[there is] no one	
RUT	4	4	174151	זוּלָֽתְךָ֙	H2108	but you	
RUT	4	4	174152	לִגְא֔וֹל	H1350	to redeem [it]	,
RUT	4	4	174153	וְאָנֹכִ֖י	H595	and I [am]	
RUT	4	4	174154	אַחֲרֶ֑יךָ	H310	next after you	.
RUT	4	4	174156	אָנֹכִ֥י	H595	I	
RUT	4	4	174157	אֶגְאָֽל׃	H1350	will redeem [it]	,
RUT	4	4	174155	וַיֹּ֖אמֶר	H559	he replied	.
RUT	4	5	174169	בֹּ֔עַז	H1162	Then Boaz	
RUT	4	5	174168	וַיֹּ֣אמֶר	H559	said	,
RUT	4	5	174170	בְּיוֹם־	H3117	On the day	
RUT	4	5	174171	קְנוֹתְךָ֥	H7069	you buy	
RUT	4	5	174172	הַשָּׂדֶ֖ה	H7704	the land	
RUT	4	5	174173	מִיַּ֣ד	H3027	from	
RUT	4	5	174174	נָעֳמִ֑י	H5281	Naomi	
RUT	4	5	174175	וּ֠מֵאֵת	H854	and also from	
RUT	4	5	174176	ר֣וּת	H7327	Ruth	
RUT	4	5	174177	הַמּוֹאֲבִיָּ֤ה	H4125	the Moabitess	,
RUT	4	5	174182	קָנִיתִי	H7069	you must also acquire	
RUT	4	5	174178	אֵֽשֶׁת־	H802	the widow	
RUT	4	5	174179	הַמֵּת֙	H4191	of the deceased	
RUT	4	5	174184	לְהָקִ֥ים	H6965	in order to raise	
RUT	4	5	174185	שֵׁם־	H8034	up the name	
RUT	4	5	174186	הַמֵּ֖ת	H4191	of the deceased	
RUT	4	5	174187	עַל־	H5921	on	
RUT	4	5	174188	נַחֲלָתֽוֹ׃	H5159	his inheritance	.
RUT	4	6	174200	הַגֹּאֵ֗ל	H1350	The kinsman-redeemer	
RUT	4	6	174199	וַיֹּ֣אמֶר	H559	replied	,
RUT	4	6	174201	לֹ֤א	H3808	I cannot	
RUT	4	6	174202	אוּכַל֙	H3201	. . .	
RUT	4	6	174205	לִגְאוֹל	H1350	redeem it	
RUT	4	6	174207	לִ֔י		myself	,
RUT	4	6	174208	פֶּן־	H6435	or	
RUT	4	6	174209	אַשְׁחִ֖ית	H7843	I would jeopardize	
RUT	4	6	174210	אֶת־	H853	-	
RUT	4	6	174211	נַחֲלָתִ֑י	H5159	my own inheritance	.
RUT	4	6	174216	גְּאֻלָּתִ֔י	H1353	Take my right of redemption	
RUT	4	6	174212	גְּאַל־	H1350	. . .	
RUT	4	6	174213	לְךָ֤		. . .	
RUT	4	6	174214	אַתָּה֙	H859	. . .	
RUT	4	6	174215	אֶת־	H853	-	,
RUT	4	6	174217	כִּ֥י	H3588	because	
RUT	4	6	174218	לֹא־	H3808	I cannot	
RUT	4	6	174219	אוּכַ֖ל	H3201	. . .	
RUT	4	6	174220	לִגְאֹֽל׃	H1350	redeem it	.
RUT	4	7	174231	וְזֹאת֩	H2063	Now	
RUT	4	7	174232	לְפָנִ֨ים	H6440	in former times	
RUT	4	7	174233	בְּיִשְׂרָאֵ֜ל	H3478	in Israel	,
RUT	4	7	174234	עַל־	H5921	concerning	
RUT	4	7	174235	הַגְּאוּלָּ֤ה	H1353	the redemption	
RUT	4	7	174236	וְעַל־	H5921	. . .	
RUT	4	7	174237	הַתְּמוּרָה֙	H8545	or exchange of property	,
RUT	4	7	174239	כָּל־	H3605	to make any	
RUT	4	7	174240	דָּבָ֔ר	H1697	matter	
RUT	4	7	174238	לְקַיֵּ֣ם	H6965	legally binding	
RUT	4	7	174242	אִ֛ישׁ	H376	a man	
RUT	4	7	174241	שָׁלַ֥ף	H8025	would remove	
RUT	4	7	174243	נַעֲל֖וֹ	H5275	his sandal	
RUT	4	7	174244	וְנָתַ֣ן	H5414	and give it	
RUT	4	7	174245	לְרֵעֵ֑הוּ	H7453	to the other party	,
RUT	4	7	174246	וְזֹ֥את	H2063	and this [was]	
RUT	4	7	174247	הַתְּעוּדָ֖ה	H8584	a confirmation	
RUT	4	7	174248	בְּיִשְׂרָאֵֽל׃	H3478	in Israel	.
RUT	4	8	174260	הַגֹּאֵ֛ל	H1350	So the kinsman-redeemer	
RUT	4	8	174264	וַיִּשְׁלֹ֖ף	H8025	removed	
RUT	4	8	174265	נַעֲלֽוֹ׃	H5275	his sandal	
RUT	4	8	174259	וַיֹּ֧אמֶר	H559	and said	
RUT	4	8	174261	לְבֹ֖עַז	H1162	to Boaz	,
RUT	4	8	174262	קְנֵה־	H7069	Buy [it]	
RUT	4	8	174263	לָ֑ךְ		for yourself	.
RUT	4	9	174277	בֹּ֨עַז	H1162	At this, Boaz	
RUT	4	9	174276	וַיֹּאמֶר֩	H559	said	
RUT	4	9	174278	לַזְּקֵנִ֜ים	H2205	to the elders	
RUT	4	9	174279	וְכָל־	H3605	and all	
RUT	4	9	174280	הָעָ֗ם	H5971	the people	,
RUT	4	9	174282	אַתֶּם֙	H859	You	
RUT	4	9	174281	עֵדִ֤ים	H5707	are witnesses	
RUT	4	9	174283	הַיּ֔וֹם	H3117	today	
RUT	4	9	174284	כִּ֤י	H3588	that	
RUT	4	9	174285	קָנִ֙יתִי֙	H7069	I am buying	
RUT	4	9	174286	אֶת־	H853	-	
RUT	4	9	174295	מִיַּ֖ד	H3027	from	
RUT	4	9	174296	נָעֳמִֽי׃	H5281	Naomi	
RUT	4	9	174287	כָּל־	H3605	all	
RUT	4	9	174288	אֲשֶׁ֣ר	H834	that	
RUT	4	9	174289	לֶֽאֱלִימֶ֔לֶךְ	H458	belonged to Elimelech	,
RUT	4	9	174290	וְאֵ֛ת	H853	-	
RUT	4	9	174291	כָּל־	H3605	-	
RUT	4	9	174292	אֲשֶׁ֥ר	H834	-	
RUT	4	9	174293	לְכִלְי֖וֹן	H3630	Chilion	,
RUT	4	9	174294	וּמַחְל֑וֹן	H4248	and Mahlon	.
RUT	4	10	174307	וְגַ֣ם	H1571	Moreover	
RUT	4	10	174308	אֶת־	H853	-	,
RUT	4	10	174313	קָנִ֧יתִי	H7069	I have acquired	
RUT	4	10	174314	לִ֣י		. . .	
RUT	4	10	174309	ר֣וּת	H7327	Ruth	
RUT	4	10	174310	הַמֹּאֲבִיָּה֩	H4125	the Moabitess	,
RUT	4	10	174312	מַחְל֜וֹן	H4248	Mahlon’s	
RUT	4	10	174311	אֵ֨שֶׁת	H802	widow	,
RUT	4	10	174315	לְאִשָּׁ֗ה	H802	as my wife	,
RUT	4	10	174316	לְהָקִ֤ים	H6965	to raise up	
RUT	4	10	174317	שֵׁם־	H8034	the name	
RUT	4	10	174318	הַמֵּת֙	H4191	of the deceased	
RUT	4	10	174319	עַל־	H5921	through	
RUT	4	10	174320	נַ֣חֲלָת֔וֹ	H5159	his inheritance	,
RUT	4	10	174324	הַמֵּ֛ת	H4191	so that his	
RUT	4	10	174323	שֵׁם־	H8034	name	
RUT	4	10	174321	וְלֹא־	H3808	will not	
RUT	4	10	174322	יִכָּרֵ֧ת	H3772	disappear	
RUT	4	10	174325	מֵעִ֥ם	H5973	from among	
RUT	4	10	174326	אֶחָ֖יו	H251	his brothers	
RUT	4	10	174327	וּמִשַּׁ֣עַר	H8179	or from the gate	
RUT	4	10	174328	מְקוֹמ֑וֹ	H4725	of his home	.
RUT	4	10	174330	אַתֶּ֖ם	H859	You	
RUT	4	10	174329	עֵדִ֥ים	H5707	are witnesses today	
RUT	4	10	174331	הַיּֽוֹם׃	H3117	. . .	.
RUT	4	11	174348	עֵדִ֑ים	H5707	We are witnesses	,
RUT	4	11	174342	וַיֹּ֨אמְר֜וּ	H559	said	
RUT	4	11	174347	וְהַזְּקֵנִ֖ים	H2205	the elders	
RUT	4	11	174343	כָּל־	H3605	and all	
RUT	4	11	174344	הָעָ֧ם	H5971	the people	
RUT	4	11	174345	אֲשֶׁר־	H834	-	
RUT	4	11	174346	בַּשַּׁ֛עַר	H8179	at the gate	.
RUT	4	11	174350	יְהוָ֨ה	H3068	May the LORD	
RUT	4	11	174351	אֶֽת־	H853	-	
RUT	4	11	174349	יִתֵּן֩	H5414	make	
RUT	4	11	174352	הָאִשָּׁ֜ה	H802	the woman	
RUT	4	11	174353	הַבָּאָ֣ה	H935	entering	
RUT	4	11	174354	אֶל־	H413	. . .	
RUT	4	11	174355	בֵּיתֶ֗ךָ	H1004	your home	
RUT	4	11	174356	כְּרָחֵ֤ל׀	H7354	like Rachel	
RUT	4	11	174357	וּכְלֵאָה֙	H3812	and Leah	,
RUT	4	11	174358	אֲשֶׁ֨ר	H834	who	
RUT	4	11	174359	בָּנ֤וּ	H1129	together built up	
RUT	4	11	174360	שְׁתֵּיהֶם֙	H8147	. . .	
RUT	4	11	174361	אֶת־	H853	-	
RUT	4	11	174362	בֵּ֣ית	H1004	the house	
RUT	4	11	174363	יִשְׂרָאֵ֔ל	H3478	of Israel	.
RUT	4	11	174364	וַעֲשֵׂה־	H6213	May you be	
RUT	4	11	174365	חַ֣יִל	H2428	prosperous	
RUT	4	11	174366	בְּאֶפְרָ֔תָה	H672	in Ephrathah	
RUT	4	11	174367	וּקְרָא־	H7121	and famous	
RUT	4	11	174368	שֵׁ֖ם	H8034	. . .	
RUT	4	11	174369	בְּבֵ֥ית	H1035	vvv	
RUT	4	11	174370	לָֽחֶם׃	H1035	in Bethlehem	.
RUT	4	12	174382	בֵֽיתְךָ֙	H1004	And may your house	
RUT	4	12	174381	וִיהִ֤י	H1961	become	
RUT	4	12	174383	כְּבֵ֣ית	H1004	like the house	
RUT	4	12	174384	פֶּ֔רֶץ	H6557	of Perez	,
RUT	4	12	174385	אֲשֶׁר־	H834	whom	
RUT	4	12	174387	תָמָ֖ר	H8559	Tamar	
RUT	4	12	174386	יָלְדָ֥ה	H3205	bore	
RUT	4	12	174388	לִֽיהוּדָ֑ה	H3063	to Judah	,
RUT	4	12	174389	מִן־	H4480	because of	
RUT	4	12	174390	הַזֶּ֗רַע	H2233	the offspring	
RUT	4	12	174391	אֲשֶׁ֨ר	H834	-	
RUT	4	12	174393	יְהוָה֙	H3068	the LORD	
RUT	4	12	174392	יִתֵּ֤ן	H5414	will give	
RUT	4	12	174394	לְךָ֔		you	
RUT	4	12	174395	מִן־	H4480	by	
RUT	4	12	174397	הַזֹּֽאת׃	H2063	this	
RUT	4	12	174396	הַֽנַּעֲרָ֖ה	H5291	young woman	.
RUT	4	13	174409	בֹּ֤עַז	H1162	So Boaz	
RUT	4	13	174410	אֶת־	H853	-	
RUT	4	13	174408	וַיִּקַּ֨ח	H3947	took	
RUT	4	13	174411	רוּת֙	H7327	Ruth	,
RUT	4	13	174412	וַתְּהִי־	H1961	and she became	
RUT	4	13	174413	ל֣וֹ		his	
RUT	4	13	174414	לְאִשָּׁ֔ה	H802	wife	.
RUT	4	13	174415	וַיָּבֹ֖א	H935	And when he had relations with	
RUT	4	13	174416	אֵלֶ֑יהָ	H413	her	,
RUT	4	13	174418	יְהוָ֥ה	H3068	the LORD	
RUT	4	13	174417	וַיִּתֵּ֨ן	H5414	enabled	
RUT	4	13	174419	לָ֛הּ		her	
RUT	4	13	174420	הֵרָי֖וֹן	H2032	to conceive	,
RUT	4	13	174421	וַתֵּ֥לֶד	H3205	and she gave birth to	
RUT	4	13	174422	בֵּֽן׃	H1121	a son	.
RUT	4	14	174434	הַנָּשִׁים֙	H802	Then the women	
RUT	4	14	174433	וַתֹּאמַ֤רְנָה	H559	said	
RUT	4	14	174435	אֶֽל־	H413	to	
RUT	4	14	174436	נָעֳמִ֔י	H5281	Naomi	,
RUT	4	14	174437	בָּר֣וּךְ	H1288	Blessed [be]	
RUT	4	14	174438	יְהוָ֔ה	H3068	the LORD	,
RUT	4	14	174439	אֲ֠שֶׁר	H834	who	
RUT	4	14	174440	לֹ֣א	H3808	has not	
RUT	4	14	174441	הִשְׁבִּ֥ית	H7673	left	
RUT	4	14	174442	לָ֛ךְ		you	
RUT	4	14	174444	הַיּ֑וֹם	H3117	this day	
RUT	4	14	174443	גֹּאֵ֖ל	H1350	without a kinsman-redeemer	.
RUT	4	14	174446	שְׁמ֖וֹ	H8034	May his name	
RUT	4	14	174445	וְיִקָּרֵ֥א	H7121	become famous	
RUT	4	14	174447	בְּיִשְׂרָאֵֽל׃	H3478	in Israel	.
RUT	4	15	174458	וְהָ֤יָה	H1961	He will renew	
RUT	4	15	174460	לְמֵשִׁ֣יב	H7725	. . .	
RUT	4	15	174459	לָךְ֙		your	
RUT	4	15	174461	נֶ֔פֶשׁ	H5315	life	
RUT	4	15	174462	וּלְכַלְכֵּ֖ל	H3557	and sustain you	
RUT	4	15	174463	אֶת־	H853	-	
RUT	4	15	174464	שֵׂיבָתֵ֑ךְ	H7872	in your old age	.
RUT	4	15	174465	כִּ֣י	H3588	For	
RUT	4	15	174466	כַלָּתֵ֤ךְ	H3618	your daughter-in-law	,
RUT	4	15	174467	אֲ‍ֽשֶׁר־	H834	who	
RUT	4	15	174468	אֲהֵבַ֙תֶךְ֙	H157	loves	
RUT	4	15	174472	ט֣וֹבָה	H2896	you and is better	
RUT	4	15	174473	לָ֔ךְ		to you than	
RUT	4	15	174474	מִשִּׁבְעָ֖ה	H7651	seven	
RUT	4	15	174475	בָּנִֽים׃	H1121	sons	,
RUT	4	15	174469	יְלָדַ֔תּוּ	H3205	has given him birth	
RUT	4	15	174470	אֲשֶׁר־	H834	-	
RUT	4	15	174471	הִיא֙	H1931	-	.
RUT	4	16	174487	נָעֳמִ֤י	H5281	And Naomi	
RUT	4	16	174488	אֶת־	H853	-	
RUT	4	16	174486	וַתִּקַּ֨ח	H3947	took	
RUT	4	16	174489	הַיֶּ֙לֶד֙	H3206	the child	,
RUT	4	16	174490	וַתְּשִׁתֵ֣הוּ	H7896	placed him	
RUT	4	16	174491	בְחֵיקָ֔הּ	H2436	on her lap	,
RUT	4	16	174492	וַתְּהִי־	H1961	and became	
RUT	4	16	174494	לְאֹמֶֽנֶת׃	H539	a nurse	
RUT	4	16	174493	ל֖וֹ		to him	.
RUT	4	17	174507	הַשְּׁכֵנ֥וֹת	H7934	The neighbor	
RUT	4	17	174509	לֵאמֹ֔ר	H559	women said	,
RUT	4	17	174511	בֵּ֖ן	H1121	A son	
RUT	4	17	174510	יֻלַּד־	H3205	has been born	
RUT	4	17	174512	לְנָעֳמִ֑י	H5281	to Naomi	,
RUT	4	17	174513	וַתִּקְרֶ֤אנָֽה	H7121	. . .	
RUT	4	17	174514	שְׁמוֹ֙	H8034	. . .	
RUT	4	17	174505	וַתִּקְרֶאנָה֩	H7121	and they named	
RUT	4	17	174506	ל֨וֹ		him	
RUT	4	17	174508	שֵׁם֙	H8034	-	
RUT	4	17	174515	עוֹבֵ֔ד	H5744	Obed	.
RUT	4	17	174516	ה֥וּא	H1931	He [became]	
RUT	4	17	174517	אֲבִי־	H1	the father	
RUT	4	17	174518	יִשַׁ֖י	H3448	of Jesse	,
RUT	4	17	174519	אֲבִ֥י	H1	the father	
RUT	4	17	174520	דָוִֽד׃פ	H1732	of David	.
RUT	4	18	174532	וְאֵ֙לֶּה֙	H428	Now these [are]	
RUT	4	18	174533	תּוֹלְד֣וֹת	H8435	the generations	
RUT	4	18	174534	פָּ֔רֶץ	H6557	of Perez	:
RUT	4	18	174535	פֶּ֖רֶץ	H6557	Perez	
RUT	4	18	174536	הוֹלִ֥יד	H3205	was the father of	
RUT	4	18	174537	אֶת־	H853	-	
RUT	4	18	174538	חֶצְרֽוֹן׃	H2696	Hezron	,
RUT	4	19	174549	וְחֶצְרוֹן֙	H2696	Hezron	
RUT	4	19	174550	הוֹלִ֣יד	H3205	was the father of	
RUT	4	19	174551	אֶת־	H853	-	
RUT	4	19	174552	רָ֔ם	H7410	Ram	,
RUT	4	19	174553	וְרָ֖ם	H7410	Ram	
RUT	4	19	174554	הוֹלִ֥יד	H3205	was the father of	
RUT	4	19	174555	אֶת־	H853	-	
RUT	4	19	174556	עַמִּֽינָדָֽב׃	H5992	Amminadab	,
RUT	4	20	174567	וְעַמִּֽינָדָב֙	H5992	Amminadab	
RUT	4	20	174568	הוֹלִ֣יד	H3205	was the father of	
RUT	4	20	174569	אֶת־	H853	-	
RUT	4	20	174570	נַחְשׁ֔וֹן	H5177	Nahshon	,
RUT	4	20	174571	וְנַחְשׁ֖וֹן	H5177	Nahshon	
RUT	4	20	174572	הוֹלִ֥יד	H3205	was the father of	
RUT	4	20	174573	אֶת־	H853	-	
RUT	4	20	174574	שַׂלְמָֽה׃	H8009	Salmon	,
RUT	4	21	174585	וְשַׂלְמוֹן֙	H8012	Salmon	
RUT	4	21	174586	הוֹלִ֣יד	H3205	was the father of	
RUT	4	21	174587	אֶת־	H853	-	
RUT	4	21	174588	בֹּ֔עַז	H1162	Boaz	,
RUT	4	21	174589	וּבֹ֖עַז	H1162	Boaz	
RUT	4	21	174590	הוֹלִ֥יד	H3205	was the father of	
RUT	4	21	174591	אֶת־	H853	-	
RUT	4	21	174592	עוֹבֵֽד׃	H5744	Obed	,
RUT	4	22	174603	וְעֹבֵד֙	H5744	Obed	
RUT	4	22	174604	הוֹלִ֣יד	H3205	was the father of	
RUT	4	22	174605	אֶת־	H853	-	
RUT	4	22	174606	יִשָׁ֔י	H3448	Jesse	,
RUT	4	22	174607	וְיִשַׁ֖י	H3448	and Jesse	
RUT	4	22	174608	הוֹלִ֥יד	H3205	was the father of	
RUT	4	22	174609	אֶת־	H853	-	
RUT	4	22	174610	דָּוִֽד׃	H1732	David	.
