book	chapter	verse	sort	greek	strong	bsb	pnc
1TI	1	1	177416	Παῦλος	G3972	Paul	,
1TI	1	1	177417	ἀπόστολος	G652	an apostle	
1TI	1	1	177418	Χριστοῦ	G5547	of Christ	
1TI	1	1	177419	Ἰησοῦ	G2424	Jesus	
1TI	1	1	177420	κατ’	G2596	by	
1TI	1	1	177421	ἐπιταγὴν	G2003	[the] command	
1TI	1	1	177422	Θεοῦ	G2316	of God	
1TI	1	1	177424	ἡμῶν	G1473	our	
1TI	1	1	177423	Σωτῆρος	G4990	Savior	
1TI	1	1	177425	καὶ	G2532	and	
1TI	1	1	177426	Χριστοῦ	G5547	of Christ	
1TI	1	1	177427	Ἰησοῦ	G2424	Jesus	
1TI	1	1	177430	ἡμῶν	G1473	our	
1TI	1	1	177428	τῆς	G3588	-	
1TI	1	1	177429	ἐλπίδος	G1680	hope	,
1TI	1	2	177441	Τιμοθέῳ	G5095	To Timothy	,
1TI	1	2	177442	γνησίῳ	G1103	[my] true	
1TI	1	2	177443	τέκνῳ	G5043	child	
1TI	1	2	177444	ἐν	G1722	in	
1TI	1	2	177445	πίστει	G4102	[the] faith	:
1TI	1	2	177446	Χάρις	G5485	Grace	,
1TI	1	2	177447	ἔλεος	G1656	mercy	,
1TI	1	2	177448	εἰρήνη	G1515	[and] peace	
1TI	1	2	177449	ἀπὸ	G575	from	
1TI	1	2	177450	Θεοῦ	G2316	God	
1TI	1	2	177451	πατρὸς	G3962	[the] Father	
1TI	1	2	177452	καὶ	G2532	and	
1TI	1	2	177453	Χριστοῦ	G5547	Christ	
1TI	1	2	177454	Ἰησοῦ	G2424	Jesus	
1TI	1	2	177457	ἡμῶν	G1473	our	
1TI	1	2	177455	τοῦ	G3588	-	
1TI	1	2	177456	κυρίου	G2962	Lord	.
1TI	1	3	177468	Καθὼς	G2531	As	
1TI	1	3	177469	παρεκάλεσά	G3870	I urged	
1TI	1	3	177470	σε	G4771	you	
1TI	1	3	177474	πορευόμενος	G4198	on my departure	
1TI	1	3	177475	εἰς	G1519	to	
1TI	1	3	177476	Μακεδονίαν	G3109	Macedonia	,
1TI	1	3	177471	προσμεῖναι	G4357	you should stay on	
1TI	1	3	177472	ἐν	G1722	at	
1TI	1	3	177473	Ἐφέσῳ	G2181	Ephesus	
1TI	1	3	177477	ἵνα	G2443	to	
1TI	1	3	177478	παραγγείλῃς	G3853	instruct	
1TI	1	3	177479	τισὶν	G5100	certain men	
1TI	1	3	177480	μὴ	G3361	not	
1TI	1	3	177481	ἑτεροδιδασκαλεῖν	G2085	to teach false doctrines	
1TI	1	4	177492	μηδὲ	G3366	[or]	
1TI	1	4	177493	προσέχειν	G4337	devote themselves	
1TI	1	4	177494	μύθοις	G3454	to myths	
1TI	1	4	177495	καὶ	G2532	and	
1TI	1	4	177497	ἀπεράντοις	G562	endless	
1TI	1	4	177496	γενεαλογίαις	G1076	genealogies	,
1TI	1	4	177498	αἵτινες	G3748	which	
1TI	1	4	177500	παρέχουσιν	G3930	promote	
1TI	1	4	177499	ἐκζητήσεις	G2214	speculation	
1TI	1	4	177501	μᾶλλον	G3123	rather	
1TI	1	4	177502	ἢ	G2228	than	
1TI	1	4	177503	οἰκονομίαν	G3622	[the] stewardship	
1TI	1	4	177504	Θεοῦ	G2316	of God’s [work]	,
1TI	1	4	177505	τὴν	G3588	which [is]	
1TI	1	4	177506	ἐν	G1722	by	
1TI	1	4	177507	πίστει	G4102	faith	.
1TI	1	5	177519	δὲ	G1161	-	
1TI	1	5	177518	Τὸ	G3588	The	
1TI	1	5	177520	τέλος	G5056	goal	
1TI	1	5	177521	τῆς	G3588	of [our]	
1TI	1	5	177522	παραγγελίας	G3852	instruction	
1TI	1	5	177523	ἐστὶν	G1510	is	
1TI	1	5	177524	ἀγάπη	G26	[the] love	
1TI	1	5	177525	ἐκ	G1537	[that comes] from	
1TI	1	5	177526	καθαρᾶς	G2513	a pure	
1TI	1	5	177527	καρδίας	G2588	heart	,
1TI	1	5	177528	καὶ	G2532	-	
1TI	1	5	177530	ἀγαθῆς	G18	a clear	
1TI	1	5	177529	συνειδήσεως	G4893	conscience	,
1TI	1	5	177531	καὶ	G2532	and	
1TI	1	5	177533	ἀνυποκρίτου	G505	a sincere	
1TI	1	5	177532	πίστεως	G4102	faith	.
1TI	1	6	177545	τινες	G5100	Some	
1TI	1	6	177546	ἀστοχήσαντες	G795	have strayed	
1TI	1	6	177544	ὧν	G3739	from [ these ways ]	
1TI	1	6	177547	ἐξετράπησαν	G1624	[and] turned aside	
1TI	1	6	177548	εἰς	G1519	to	
1TI	1	6	177549	ματαιολογίαν	G3150	empty talk	.
1TI	1	7	177560	θέλοντες	G2309	They want	
1TI	1	7	177561	εἶναι	G1510	to be	
1TI	1	7	177562	νομοδιδάσκαλοι	G3547	teachers of the law	,
1TI	1	7	177564	νοοῦντες	G3539	[but] they do not understand	
1TI	1	7	177563	μὴ	G3361	. . .	
1TI	1	7	177565	μήτε	G3383	. . .	
1TI	1	7	177566	ἃ	G3739	what	
1TI	1	7	177567	λέγουσιν	G3004	they are saying	
1TI	1	7	177568	μήτε	G3383	[or]	
1TI	1	7	177569	περὶ	G4012	[that]	
1TI	1	7	177570	τίνων	G5101	which	
1TI	1	7	177571	διαβεβαιοῦνται	G1226	they so confidently assert	.
1TI	1	8	177583	δὲ	G1161	Now	
1TI	1	8	177582	Οἴδαμεν	G1492	we know	
1TI	1	8	177584	ὅτι	G3754	that	
1TI	1	8	177586	ὁ	G3588	the	
1TI	1	8	177587	νόμος	G3551	law	
1TI	1	8	177585	καλὸς	G2570	[is] good	,
1TI	1	8	177588	ἐάν	G1437	if	
1TI	1	8	177589	τις	G5100	one	
1TI	1	8	177592	χρῆται	G5530	uses	
1TI	1	8	177590	αὐτῷ	G846	it	
1TI	1	8	177591	νομίμως	G3545	legitimately	.
1TI	1	9	177603	εἰδὼς	G1492	We realize	
1TI	1	9	177604	τοῦτο	G3778	-	
1TI	1	9	177605	ὅτι	G3754	that	
1TI	1	9	177607	νόμος	G3551	law	
1TI	1	9	177608	οὐ	G3756	vvv	
1TI	1	9	177609	κεῖται	G2749	is not enacted	
1TI	1	9	177606	δικαίῳ	G1342	for [the] righteous	,
1TI	1	9	177611	δὲ	G1161	but	
1TI	1	9	177610	ἀνόμοις	G459	for [the] lawless	
1TI	1	9	177612	καὶ	G2532	and	
1TI	1	9	177613	ἀνυποτάκτοις	G506	rebellious	,
1TI	1	9	177614	ἀσεβέσι	G765	for [the] ungodly	
1TI	1	9	177615	καὶ	G2532	and	
1TI	1	9	177616	ἁμαρτωλοῖς	G268	sinful	,
1TI	1	9	177617	ἀνοσίοις	G462	for [the] unholy	
1TI	1	9	177618	καὶ	G2532	and	
1TI	1	9	177619	βεβήλοις	G952	profane	,
1TI	1	9	177620	πατρολῴαις	G3964	for killers of father	
1TI	1	9	177621	καὶ	G2532	[or]	
1TI	1	9	177622	μητρολῴαις	G3389	mother	,
1TI	1	9	177623	ἀνδροφόνοις	G409	for murderers	,
1TI	1	10	177634	πόρνοις	G4205	for the sexually immoral	,
1TI	1	10	177635	ἀρσενοκοίταις	G733	for homosexuals	,
1TI	1	10	177636	ἀνδραποδισταῖς	G405	for slave traders	
1TI	1	10	177637	ψεύσταις	G5583	[and] liars	
1TI	1	10	177638	ἐπιόρκοις	G1965	[and] perjurers	,
1TI	1	10	177639	καὶ	G2532	and	
1TI	1	10	177640	εἴ	G1487	for	
1TI	1	10	177641	τι	G5100	anyone	
1TI	1	10	177642	ἕτερον	G2087	else	
1TI	1	10	177646	ἀντίκειται	G480	who is averse to	
1TI	1	10	177643	τῇ	G3588	-	
1TI	1	10	177644	ὑγιαινούσῃ	G5198	sound	
1TI	1	10	177645	διδασκαλίᾳ	G1319	teaching	
1TI	1	11	177657	κατὰ	G2596	that agrees with	
1TI	1	11	177658	τὸ	G3588	the	
1TI	1	11	177660	τῆς	G3588	-	
1TI	1	11	177661	δόξης	G1391	glorious	
1TI	1	11	177659	εὐαγγέλιον	G2098	gospel	
1TI	1	11	177662	τοῦ	G3588	of the	
1TI	1	11	177663	μακαρίου	G3107	blessed	
1TI	1	11	177664	Θεοῦ	G2316	God	,
1TI	1	11	177665	ὃ	G3739	with which	
1TI	1	11	177667	ἐγώ	G1473	I	
1TI	1	11	177666	ἐπιστεύθην	G4100	have been entrusted	.
1TI	1	12	177679	ἔχω	G2192	I	
1TI	1	12	177678	Χάριν	G5485	thank	
1TI	1	12	177683	Χριστῷ	G5547	Christ	
1TI	1	12	177684	Ἰησοῦ	G2424	Jesus	
1TI	1	12	177687	ἡμῶν	G1473	our	
1TI	1	12	177685	τῷ	G3588	-	
1TI	1	12	177686	Κυρίῳ	G2962	Lord	,
1TI	1	12	177680	τῷ	G3588	who	
1TI	1	12	177681	ἐνδυναμώσαντί	G1743	has strengthened	
1TI	1	12	177682	με	G1473	me	,
1TI	1	12	177688	ὅτι	G3754	that	
1TI	1	12	177691	ἡγήσατο	G2233	He considered	
1TI	1	12	177690	με	G1473	me	
1TI	1	12	177689	πιστόν	G4103	faithful	
1TI	1	12	177692	θέμενος	G5087	[and] appointed [me]	
1TI	1	12	177693	εἰς	G1519	to	
1TI	1	12	177694	διακονίαν	G1248	service	.
1TI	1	13	177705	τὸ	G3588	-	
1TI	1	13	177707	ὄντα	G1510	I was	
1TI	1	13	177706	πρότερον	G4386	formerly	
1TI	1	13	177708	βλάσφημον	G989	a blasphemer	,
1TI	1	13	177709	καὶ	G2532	-	
1TI	1	13	177710	διώκτην	G1376	a persecutor	,
1TI	1	13	177711	καὶ	G2532	and	
1TI	1	13	177712	ὑβριστήν	G5197	a violent [man]	;
1TI	1	13	177713	ἀλλὰ	G235	yet	
1TI	1	13	177715	ὅτι	G3754	because	
1TI	1	13	177717	ἐποίησα	G4160	I had acted	
1TI	1	13	177718	ἐν	G1722	in	
1TI	1	13	177716	ἀγνοῶν	G50	ignorance	
1TI	1	13	177719	ἀπιστίᾳ	G570	[and] unbelief	,
1TI	1	13	177714	ἠλεήθην	G1653	I was shown mercy	.
1TI	1	14	177731	δὲ	G1161	And	
1TI	1	14	177732	ἡ	G3588	the	
1TI	1	14	177733	χάρις	G5485	grace	
1TI	1	14	177736	ἡμῶν	G1473	of our	
1TI	1	14	177734	τοῦ	G3588	-	
1TI	1	14	177735	Κυρίου	G2962	Lord	
1TI	1	14	177730	ὑπερεπλεόνασεν	G5250	overflowed [to me]	,
1TI	1	14	177737	μετὰ	G3326	along with	
1TI	1	14	177738	πίστεως	G4102	[the] faith	
1TI	1	14	177739	καὶ	G2532	and	
1TI	1	14	177740	ἀγάπης	G26	love	
1TI	1	14	177741	τῆς	G3588	that [are]	
1TI	1	14	177742	ἐν	G1722	in	
1TI	1	14	177743	Χριστῷ	G5547	Christ	
1TI	1	14	177744	Ἰησοῦ	G2424	Jesus	.
1TI	1	15	177755	Πιστὸς	G4103	[This is a] trustworthy	
1TI	1	15	177756	ὁ	G3588	-	
1TI	1	15	177757	λόγος	G3056	saying	,
1TI	1	15	177758	καὶ	G2532	-	
1TI	1	15	177761	ἄξιος	G514	worthy	
1TI	1	15	177759	πάσης	G3956	of full	
1TI	1	15	177760	ἀποδοχῆς	G594	acceptance	
1TI	1	15	177762	ὅτι	G3754	-	:
1TI	1	15	177763	Χριστὸς	G5547	Christ	
1TI	1	15	177764	Ἰησοῦς	G2424	Jesus	
1TI	1	15	177765	ἦλθεν	G2064	came	
1TI	1	15	177766	εἰς	G1519	into	
1TI	1	15	177767	τὸν	G3588	the	
1TI	1	15	177768	κόσμον	G2889	world	
1TI	1	15	177770	σῶσαι	G4982	to save	
1TI	1	15	177769	ἁμαρτωλοὺς	G268	sinners	,
1TI	1	15	177771	ὧν	G3739	of whom	
1TI	1	15	177774	ἐγώ	G1473	I	
1TI	1	15	177773	εἰμι	G1510	am	
1TI	1	15	177772	πρῶτός	G4413	[the] worst	.
1TI	1	16	177785	ἀλλὰ	G235	But	
1TI	1	16	177786	διὰ	G1223	for this very reason	
1TI	1	16	177787	τοῦτο	G3778	-	
1TI	1	16	177788	ἠλεήθην	G1653	I was shown mercy	,
1TI	1	16	177789	ἵνα	G2443	so that	
1TI	1	16	177790	ἐν	G1722	in	
1TI	1	16	177791	ἐμοὶ	G1473	me	,
1TI	1	16	177792	πρώτῳ	G4413	[the] worst [ of sinners ]	,
1TI	1	16	177795	Χριστὸς	G5547	Christ	
1TI	1	16	177794	Ἰησοῦς	G2424	Jesus	
1TI	1	16	177793	ἐνδείξηται	G1731	might display	
1TI	1	16	177796	τὴν	G3588	[His]	
1TI	1	16	177797	ἅπασαν	G537	perfect	
1TI	1	16	177798	μακροθυμίαν	G3115	patience	
1TI	1	16	177799	πρὸς	G4314	as	
1TI	1	16	177800	ὑποτύπωσιν	G5296	an example	
1TI	1	16	177801	τῶν	G3588	to those who	
1TI	1	16	177802	μελλόντων	G3195	would	
1TI	1	16	177803	πιστεύειν	G4100	believe	
1TI	1	16	177804	ἐπ’	G1909	in	
1TI	1	16	177805	αὐτῷ	G846	Him	
1TI	1	16	177806	εἰς	G1519	for	
1TI	1	16	177808	αἰώνιον	G166	eternal	
1TI	1	16	177807	ζωὴν	G2222	life	.
1TI	1	17	177820	δὲ	G1161	Now	
1TI	1	17	177819	Τῷ	G3588	to	
1TI	1	17	177821	Βασιλεῖ	G935	[the] King	
1TI	1	17	177822	τῶν	G3588	vvv	
1TI	1	17	177823	αἰώνων	G165	eternal	,
1TI	1	17	177824	ἀφθάρτῳ	G862	immortal	,
1TI	1	17	177825	ἀοράτῳ	G517	[and] invisible	,
1TI	1	17	177826	μόνῳ	G3441	[the] only	
1TI	1	17	177827	Θεῷ	G2316	God	,
1TI	1	17	177828	τιμὴ	G5092	[be] honor	
1TI	1	17	177829	καὶ	G2532	and	
1TI	1	17	177830	δόξα	G1391	glory	
1TI	1	17	177831	εἰς	G1519	vvv	
1TI	1	17	177832	τοὺς	G3588	vvv	
1TI	1	17	177833	αἰῶνας	G165	forever	
1TI	1	17	177834	τῶν	G3588	[and]	
1TI	1	17	177835	αἰώνων	G165	ever	.
1TI	1	17	177836	ἀμήν	G281	Amen	.
1TI	1	18	177853	Τιμόθεε	G5095	Timothy	,
1TI	1	18	177852	τέκνον	G5043	[my] child	,
1TI	1	18	177850	παρατίθεμαί	G3908	I entrust	
1TI	1	18	177851	σοι	G4771	you with	
1TI	1	18	177847	Ταύτην	G3778	this	
1TI	1	18	177848	τὴν	G3588	-	
1TI	1	18	177849	παραγγελίαν	G3852	command	
1TI	1	18	177854	κατὰ	G2596	in keeping with	
1TI	1	18	177855	τὰς	G3588	the	
1TI	1	18	177856	προαγούσας	G4254	previous	
1TI	1	18	177859	προφητείας	G4394	prophecies	
1TI	1	18	177857	ἐπὶ	G1909	about	
1TI	1	18	177858	σὲ	G4771	you	,
1TI	1	18	177860	ἵνα	G2443	so that	
1TI	1	18	177862	ἐν	G1722	by	
1TI	1	18	177863	αὐταῖς	G846	them	
1TI	1	18	177861	στρατεύῃ	G4754	you may fight	
1TI	1	18	177864	τὴν	G3588	the	
1TI	1	18	177865	καλὴν	G2570	good	
1TI	1	18	177866	στρατείαν	G4752	fight	,
1TI	1	19	177877	ἔχων	G2192	holding on	
1TI	1	19	177878	πίστιν	G4102	to faith	
1TI	1	19	177879	καὶ	G2532	and	
1TI	1	19	177880	ἀγαθὴν	G18	a good	
1TI	1	19	177881	συνείδησιν	G4893	conscience	,
1TI	1	19	177882	ἥν	G3739	which	
1TI	1	19	177883	τινες	G5100	some	
1TI	1	19	177884	ἀπωσάμενοι	G683	have rejected	
1TI	1	19	177888	ἐναυάγησαν	G3489	[and thereby] shipwrecked	
1TI	1	19	177885	περὶ	G4012	-	
1TI	1	19	177886	τὴν	G3588	[their]	
1TI	1	19	177887	πίστιν	G4102	faith	.
1TI	1	20	177899	ὧν	G3739	Among [them]	
1TI	1	20	177900	ἐστιν	G1510	are	
1TI	1	20	177901	Ὑμέναιος	G5211	Hymenaeus	
1TI	1	20	177902	καὶ	G2532	and	
1TI	1	20	177903	Ἀλέξανδρος	G223	Alexander	,
1TI	1	20	177904	οὓς	G3739	whom	
1TI	1	20	177905	παρέδωκα	G3860	I have handed over	
1TI	1	20	177906	τῷ	G3588	-	
1TI	1	20	177907	Σατανᾷ	G4567	to Satan	
1TI	1	20	177908	ἵνα	G2443	to	
1TI	1	20	177909	παιδευθῶσιν	G3811	be taught	
1TI	1	20	177910	μὴ	G3361	not	
1TI	1	20	177911	βλασφημεῖν	G987	to blaspheme	.
1TI	2	1	177924	πρῶτον	G4412	First	
1TI	2	1	177925	πάντων	G3956	of all	,
1TI	2	1	177923	οὖν	G3767	then	,
1TI	2	1	177922	Παρακαλῶ	G3870	I urge that	
1TI	2	1	177927	δεήσεις	G1162	petitions	,
1TI	2	1	177928	προσευχάς	G4335	prayers	,
1TI	2	1	177929	ἐντεύξεις	G1783	intercessions	,
1TI	2	1	177930	εὐχαριστίας	G2169	[and] thanksgiving	
1TI	2	1	177926	ποιεῖσθαι	G4160	be offered	
1TI	2	1	177931	ὑπὲρ	G5228	for	
1TI	2	1	177932	πάντων	G3956	everyone	
1TI	2	1	177933	ἀνθρώπων	G444	. . .	—
1TI	2	2	177944	ὑπὲρ	G5228	for	
1TI	2	2	177945	βασιλέων	G935	kings	
1TI	2	2	177946	καὶ	G2532	and	
1TI	2	2	177947	πάντων	G3956	all	
1TI	2	2	177948	τῶν	G3588	those	
1TI	2	2	177951	ὄντων	G1510	. . .	
1TI	2	2	177949	ἐν	G1722	in	
1TI	2	2	177950	ὑπεροχῇ	G5247	authority	—
1TI	2	2	177952	ἵνα	G2443	so that	
1TI	2	2	177957	διάγωμεν	G1236	we may lead	
1TI	2	2	177953	ἤρεμον	G2263	tranquil	
1TI	2	2	177954	καὶ	G2532	and	
1TI	2	2	177955	ἡσύχιον	G2272	quiet	
1TI	2	2	177956	βίον	G979	lives	
1TI	2	2	177958	ἐν	G1722	in	
1TI	2	2	177959	πάσῃ	G3956	all	
1TI	2	2	177960	εὐσεβείᾳ	G2150	godliness	
1TI	2	2	177961	καὶ	G2532	and	
1TI	2	2	177962	σεμνότητι	G4587	dignity	.
1TI	2	3	177973	τοῦτο	G3778	This	
1TI	2	3	177974	καλὸν	G2570	[is] good	
1TI	2	3	177975	καὶ	G2532	and	
1TI	2	3	177976	ἀπόδεκτον	G587	pleasing	
1TI	2	3	177977	ἐνώπιον	G1799	in the sight of	
1TI	2	3	177981	Θεοῦ	G2316	God	
1TI	2	3	177980	ἡμῶν	G1473	our	
1TI	2	3	177978	τοῦ	G3588	-	
1TI	2	3	177979	Σωτῆρος	G4990	Savior	,
1TI	2	4	177992	ὃς	G3739	who	
1TI	2	4	177995	θέλει	G2309	wants	
1TI	2	4	177993	πάντας	G3956	everyone	
1TI	2	4	177994	ἀνθρώπους	G444	. . .	
1TI	2	4	177996	σωθῆναι	G4982	to be saved	
1TI	2	4	177997	καὶ	G2532	and	
1TI	2	4	178001	ἐλθεῖν	G2064	to come	
1TI	2	4	177998	εἰς	G1519	to	
1TI	2	4	177999	ἐπίγνωσιν	G1922	[the] knowledge	
1TI	2	4	178000	ἀληθείας	G225	of [the] truth	.
1TI	2	5	178013	γὰρ	G1063	For	
1TI	2	5	178012	Εἷς	G1520	[there is] one	
1TI	2	5	178014	Θεός	G2316	God	,
1TI	2	5	178016	καὶ	G2532	and [there is]	
1TI	2	5	178015	εἷς	G1520	one	
1TI	2	5	178017	μεσίτης	G3316	mediator	
1TI	2	5	178018	Θεοῦ	G2316	between God	
1TI	2	5	178019	καὶ	G2532	and	
1TI	2	5	178020	ἀνθρώπων	G444	men	,
1TI	2	5	178021	ἄνθρωπος	G444	[the] man	
1TI	2	5	178022	Χριστὸς	G5547	Christ	
1TI	2	5	178023	Ἰησοῦς	G2424	Jesus	,
1TI	2	6	178034	ὁ	G3588	who	
1TI	2	6	178035	δοὺς	G1325	gave	
1TI	2	6	178036	ἑαυτὸν	G1438	Himself	
1TI	2	6	178037	ἀντίλυτρον	G487	[as] a ransom	
1TI	2	6	178038	ὑπὲρ	G5228	for	
1TI	2	6	178039	πάντων	G3956	all	—
1TI	2	6	178040	τὸ	G3588	the	
1TI	2	6	178041	μαρτύριον	G3142	testimony that was given	
1TI	2	6	178043	ἰδίοις	G2398	vvv	
1TI	2	6	178042	καιροῖς	G2540	at just the right time	.
1TI	2	7	178054	εἰς	G1519	For	
1TI	2	7	178055	ὃ	G3739	[this reason]	
1TI	2	7	178057	ἐγὼ	G1473	I	
1TI	2	7	178056	ἐτέθην	G5087	was appointed as	
1TI	2	7	178058	κῆρυξ	G2783	a preacher	,
1TI	2	7	178059	καὶ	G2532	-	
1TI	2	7	178060	ἀπόστολος	G652	an apostle	,
1TI	2	7	178067	ἐν	G1722	[and]	
1TI	2	7	178068	πίστει	G4102	a faithful	
1TI	2	7	178069	καὶ	G2532	and	
1TI	2	7	178070	ἀληθείᾳ	G225	true	
1TI	2	7	178065	διδάσκαλος	G1320	teacher	
1TI	2	7	178066	ἐθνῶν	G1484	of [the] Gentiles	.
1TI	2	7	178062	λέγω	G3004	I am telling	
1TI	2	7	178061	ἀλήθειαν	G225	[the] truth	;
1TI	2	7	178063	οὐ	G3756	[I am] not	
1TI	2	7	178064	ψεύδομαι	G5574	lying [ about anything ]	.
1TI	2	8	178082	οὖν	G3767	Therefore	
1TI	2	8	178081	Βούλομαι	G1014	I want	
1TI	2	8	178084	τοὺς	G3588	the	
1TI	2	8	178085	ἄνδρας	G435	men	
1TI	2	8	178086	ἐν	G1722	vvv	
1TI	2	8	178087	παντὶ	G3956	vvv	
1TI	2	8	178088	τόπῳ	G5117	everywhere	
1TI	2	8	178083	προσεύχεσθαι	G4336	to pray	,
1TI	2	8	178089	ἐπαίροντας	G1869	lifting up	
1TI	2	8	178090	ὁσίους	G3741	holy	
1TI	2	8	178091	χεῖρας	G5495	hands	,
1TI	2	8	178092	χωρὶς	G5565	without	
1TI	2	8	178093	ὀργῆς	G3709	anger	
1TI	2	8	178094	καὶ	G2532	[or]	
1TI	2	8	178095	διαλογισμοῦ	G1261	dissension	.
1TI	2	9	178106	Ὡσαύτως	G5615	Likewise	,
1TI	2	9	178107	καὶ	G2532	[I want]	
1TI	2	9	178108	γυναῖκας	G1135	[the] women	
1TI	2	9	178116	κοσμεῖν	G2885	to adorn	
1TI	2	9	178117	ἑαυτάς	G1438	themselves	
1TI	2	9	178109	ἐν	G1722	with	
1TI	2	9	178111	κοσμίῳ	G2887	respectable	
1TI	2	9	178110	καταστολῇ	G2689	apparel	,
1TI	2	9	178112	μετὰ	G3326	with	
1TI	2	9	178113	αἰδοῦς	G127	modesty	,
1TI	2	9	178114	καὶ	G2532	and	
1TI	2	9	178115	σωφροσύνης	G4997	[with] self-control	,
1TI	2	9	178118	μὴ	G3361	not	
1TI	2	9	178119	ἐν	G1722	with	
1TI	2	9	178120	πλέγμασιν	G4117	braided hair	
1TI	2	9	178121	καὶ	G2532	or	
1TI	2	9	178122	χρυσίῳ	G5553	gold	
1TI	2	9	178123	ἢ	G2228	or	
1TI	2	9	178124	μαργαρίταις	G3135	pearls	
1TI	2	9	178125	ἢ	G2228	or	
1TI	2	9	178127	πολυτελεῖ	G4185	expensive	
1TI	2	9	178126	ἱματισμῷ	G2441	clothes	,
1TI	2	10	178138	ἀλλ’	G235	but	
1TI	2	10	178144	δι’	G1223	with	
1TI	2	10	178146	ἀγαθῶν	G18	good	
1TI	2	10	178145	ἔργων	G2041	deeds	,
1TI	2	10	178139	ὃ	G3739	[as]	
1TI	2	10	178140	πρέπει	G4241	is proper	
1TI	2	10	178141	γυναιξὶν	G1135	for women [who]	
1TI	2	10	178142	ἐπαγγελλομέναις	G1861	profess	
1TI	2	10	178143	θεοσέβειαν	G2317	to worship God	.
1TI	2	11	178157	Γυνὴ	G1135	A woman	
1TI	2	11	178160	μανθανέτω	G3129	must learn	
1TI	2	11	178158	ἐν	G1722	in	
1TI	2	11	178159	ἡσυχίᾳ	G2271	quietness	
1TI	2	11	178161	ἐν	G1722	[and]	
1TI	2	11	178162	πάσῃ	G3956	full	
1TI	2	11	178163	ὑποταγῇ	G5292	submissiveness	.
1TI	2	12	178175	δὲ	G1161	-	
1TI	2	12	178177	οὐκ	G3756	vvv	
1TI	2	12	178178	ἐπιτρέπω	G2010	I do not permit	
1TI	2	12	178176	γυναικὶ	G1135	a woman	
1TI	2	12	178174	διδάσκειν	G1321	to teach	
1TI	2	12	178179	οὐδὲ	G3761	[or]	
1TI	2	12	178180	αὐθεντεῖν	G831	to exercise authority over	
1TI	2	12	178181	ἀνδρός	G435	a man	;
1TI	2	12	178182	ἀλλ’	G235	-	
1TI	2	12	178183	εἶναι	G1510	she is to remain	
1TI	2	12	178184	ἐν	G1722	-	
1TI	2	12	178185	ἡσυχίᾳ	G2271	quiet	.
1TI	2	13	178197	γὰρ	G1063	For	
1TI	2	13	178196	Ἀδὰμ	G76	Adam	
1TI	2	13	178199	ἐπλάσθη	G4111	was formed	
1TI	2	13	178198	πρῶτος	G4413	first	,
1TI	2	13	178200	εἶτα	G1534	and then	
1TI	2	13	178201	Εὕα	G2096	Eve	.
1TI	2	14	178212	καὶ	G2532	And	
1TI	2	14	178214	οὐκ	G3756	[it was] not	
1TI	2	14	178213	Ἀδὰμ	G76	Adam	
1TI	2	14	178215	ἠπατήθη	G538	[who] was deceived	,
1TI	2	14	178217	δὲ	G1161	but	
1TI	2	14	178216	ἡ	G3588	the	
1TI	2	14	178218	γυνὴ	G1135	woman	
1TI	2	14	178219	ἐξαπατηθεῖσα	G1818	[who] was deceived	
1TI	2	14	178222	γέγονεν	G1096	[and] fell	
1TI	2	14	178220	ἐν	G1722	into	
1TI	2	14	178221	παραβάσει	G3847	transgression	.
1TI	2	15	178234	δὲ	G1161	vvv	
1TI	2	15	178233	σωθήσεται	G4982	Women, however, will be saved	
1TI	2	15	178235	διὰ	G1223	through	
1TI	2	15	178236	τῆς	G3588	-	
1TI	2	15	178237	τεκνογονίας	G5042	childbearing	,
1TI	2	15	178238	ἐὰν	G1437	if	
1TI	2	15	178239	μείνωσιν	G3306	they continue	
1TI	2	15	178240	ἐν	G1722	in	
1TI	2	15	178241	πίστει	G4102	faith	,
1TI	2	15	178242	καὶ	G2532	-	
1TI	2	15	178243	ἀγάπῃ	G26	love	,
1TI	2	15	178244	καὶ	G2532	and	
1TI	2	15	178245	ἁγιασμῷ	G38	holiness	,
1TI	2	15	178246	μετὰ	G3326	with	
1TI	2	15	178247	σωφροσύνης	G4997	self-control	.
1TI	3	1	178258	Πιστὸς	G4103	[This is] a trustworthy	
1TI	3	1	178259	ὁ	G3588	-	
1TI	3	1	178260	λόγος	G3056	saying	:
1TI	3	1	178261	εἴ	G1487	If	
1TI	3	1	178262	τις	G5100	anyone	
1TI	3	1	178264	ὀρέγεται	G3713	aspires to be	
1TI	3	1	178263	ἐπισκοπῆς	G1984	an overseer	,
1TI	3	1	178267	ἐπιθυμεῖ	G1937	he desires	
1TI	3	1	178265	καλοῦ	G2570	a noble	
1TI	3	1	178266	ἔργου	G2041	task	.
1TI	3	2	178280	τὸν	G3588	An	
1TI	3	2	178281	ἐπίσκοπον	G1985	overseer	,
1TI	3	2	178279	οὖν	G3767	then	,
1TI	3	2	178278	δεῖ	G1163	must	
1TI	3	2	178283	εἶναι	G1510	be	
1TI	3	2	178282	ἀνεπίλημπτον	G423	above reproach	,
1TI	3	2	178286	ἄνδρα	G435	[the] husband	
1TI	3	2	178284	μιᾶς	G1520	of but one	
1TI	3	2	178285	γυναικὸς	G1135	wife	,
1TI	3	2	178287	νηφάλιον	G3524	temperate	,
1TI	3	2	178288	σώφρονα	G4998	self-controlled	,
1TI	3	2	178289	κόσμιον	G2887	respectable	,
1TI	3	2	178290	φιλόξενον	G5382	hospitable	,
1TI	3	2	178291	διδακτικόν	G1317	able to teach	,
1TI	3	3	178302	μὴ	G3361	not	
1TI	3	3	178303	πάροινον	G3943	dependent on wine	,
1TI	3	3	178304	μὴ	G3361	not	
1TI	3	3	178305	πλήκτην	G4131	violent	
1TI	3	3	178306	ἀλλὰ	G235	but	
1TI	3	3	178307	ἐπιεικῆ	G1933	gentle	,
1TI	3	3	178308	ἄμαχον	G269	peaceable	,
1TI	3	3	178309	ἀφιλάργυρον	G866	[and] free of the love of money	.
1TI	3	4	178324	προϊστάμενον	G4291	[An overseer must] manage	
1TI	3	4	178320	τοῦ	G3588	[his]	
1TI	3	4	178321	ἰδίου	G2398	own	
1TI	3	4	178322	οἴκου	G3624	household	
1TI	3	4	178323	καλῶς	G2573	well	
1TI	3	4	178326	ἔχοντα	G2192	[and] keep	
1TI	3	4	178325	τέκνα	G5043	[his] children	
1TI	3	4	178327	ἐν	G1722	under	
1TI	3	4	178328	ὑποταγῇ	G5292	control	,
1TI	3	4	178329	μετὰ	G3326	with	
1TI	3	4	178330	πάσης	G3956	complete	
1TI	3	4	178331	σεμνότητος	G4587	dignity	.
1TI	3	5	178343	δέ	G1161	[For]	
1TI	3	5	178342	εἰ	G1487	if	
1TI	3	5	178344	τις	G5100	someone	
1TI	3	5	178349	οὐκ	G3756	{does} not	
1TI	3	5	178350	οἶδεν	G1492	know	
1TI	3	5	178351	πῶς	G4459	how	
1TI	3	5	178348	προστῆναι	G4291	to manage	
1TI	3	5	178345	τοῦ	G3588	[his]	
1TI	3	5	178346	ἰδίου	G2398	own	
1TI	3	5	178347	οἴκου	G3624	household	,
1TI	3	5	178354	ἐπιμελήσεται	G1959	[how] can he care for	
1TI	3	5	178352	ἐκκλησίας	G1577	[the] church	
1TI	3	5	178353	Θεοῦ	G2316	of God	?
1TI	3	6	178365	μὴ	G3361	[He must] not [be]	
1TI	3	6	178366	νεόφυτον	G3504	a recent convert	,
1TI	3	6	178367	ἵνα	G2443	vvv	
1TI	3	6	178368	μὴ	G3361	vvv	
1TI	3	6	178369	τυφωθεὶς	G5187	or he may become conceited	
1TI	3	6	178372	ἐμπέσῃ	G1706	[and] fall	
1TI	3	6	178370	εἰς	G1519	under	
1TI	3	6	178371	κρίμα	G2917	[ the same ] condemnation	
1TI	3	6	178373	τοῦ	G3588	as the	
1TI	3	6	178374	διαβόλου	G1228	devil	.
1TI	3	7	178386	δὲ	G1161	Furthermore	
1TI	3	7	178387	καὶ	G2532	. . .	,
1TI	3	7	178385	δεῖ	G1163	he must	
1TI	3	7	178390	ἔχειν	G2192	have	
1TI	3	7	178389	καλὴν	G2570	a good	
1TI	3	7	178388	μαρτυρίαν	G3141	reputation	
1TI	3	7	178391	ἀπὸ	G575	with	
1TI	3	7	178392	τῶν	G3588	vvv	
1TI	3	7	178393	ἔξωθεν	G1855	outsiders	,
1TI	3	7	178394	ἵνα	G2443	so that	
1TI	3	7	178395	μὴ	G3361	vvv	
1TI	3	7	178398	ἐμπέσῃ	G1706	he will not fall	
1TI	3	7	178396	εἰς	G1519	into	
1TI	3	7	178397	ὀνειδισμὸν	G3680	disgrace	
1TI	3	7	178399	καὶ	G2532	and	
1TI	3	7	178400	παγίδα	G3803	[into the] snare	
1TI	3	7	178401	τοῦ	G3588	of the	
1TI	3	7	178402	διαβόλου	G1228	devil	.
1TI	3	8	178413	Διακόνους	G1249	Deacons	
1TI	3	8	178414	ὡσαύτως	G5615	likewise	
1TI	3	8	178415	σεμνούς	G4586	[must be] dignified	,
1TI	3	8	178416	μὴ	G3361	not	
1TI	3	8	178417	διλόγους	G1351	double-tongued	
1TI	3	8	178418	μὴ	G3361	[or]	
1TI	3	8	178421	προσέχοντας	G4337	given	
1TI	3	8	178420	πολλῷ	G4183	to much	
1TI	3	8	178419	οἴνῳ	G3631	wine	
1TI	3	8	178422	μὴ	G3361	[or]	
1TI	3	8	178423	αἰσχροκερδεῖς	G146	greedy for money	.
1TI	3	9	178434	ἔχοντας	G2192	They must hold	
1TI	3	9	178435	τὸ	G3588	to the	
1TI	3	9	178436	μυστήριον	G3466	mystery	
1TI	3	9	178437	τῆς	G3588	of the	
1TI	3	9	178438	πίστεως	G4102	faith	
1TI	3	9	178439	ἐν	G1722	with	
1TI	3	9	178440	καθαρᾷ	G2513	a clear	
1TI	3	9	178441	συνειδήσει	G4893	conscience	.
1TI	3	10	178452	καὶ	G2532	Additionally	
1TI	3	10	178454	δὲ	G1161	. . .	,
1TI	3	10	178453	οὗτοι	G3778	they	
1TI	3	10	178455	δοκιμαζέσθωσαν	G1381	must first be tested	
1TI	3	10	178456	πρῶτον	G4412	. . .	.
1TI	3	10	178457	εἶτα	G1534	Then	,
1TI	3	10	178460	ὄντες	G1510	if they are	
1TI	3	10	178459	ἀνέγκλητοι	G410	above reproach	,
1TI	3	10	178458	διακονείτωσαν	G1247	let them serve as deacons	.
1TI	3	11	178472	ὡσαύτως	G5615	In the same way	,
1TI	3	11	178471	Γυναῖκας	G1135	[the] women	
1TI	3	11	178473	σεμνάς	G4586	[must be] dignified	,
1TI	3	11	178474	μὴ	G3361	not	
1TI	3	11	178475	διαβόλους	G1228	slanderers	,
1TI	3	11	178476	νηφαλίους	G3524	[but] temperate	
1TI	3	11	178477	πιστὰς	G4103	[and] faithful	
1TI	3	11	178478	ἐν	G1722	in	
1TI	3	11	178479	πᾶσιν	G3956	all things	.
1TI	3	12	178490	Διάκονοι	G1249	A deacon	
1TI	3	12	178491	ἔστωσαν	G1510	must be	
1TI	3	12	178494	ἄνδρες	G435	[the] husband	
1TI	3	12	178492	μιᾶς	G1520	of but one	
1TI	3	12	178493	γυναικὸς	G1135	wife	,
1TI	3	12	178496	καλῶς	G2573	a good	
1TI	3	12	178497	προϊστάμενοι	G4291	manager	
1TI	3	12	178495	τέκνων	G5043	[of his] children	
1TI	3	12	178498	καὶ	G2532	and	
1TI	3	12	178499	τῶν	G3588	[of his]	
1TI	3	12	178500	ἰδίων	G2398	own	
1TI	3	12	178501	οἴκων	G3624	household	.
1TI	3	13	178513	γὰρ	G1063	For	
1TI	3	13	178512	οἱ	G3588	those who	
1TI	3	13	178515	διακονήσαντες	G1247	have served	
1TI	3	13	178514	καλῶς	G2573	well [as deacons]	
1TI	3	13	178519	περιποιοῦνται	G4046	acquire	
1TI	3	13	178517	ἑαυτοῖς	G1438	for themselves	
1TI	3	13	178518	καλὸν	G2570	a high	
1TI	3	13	178516	βαθμὸν	G898	standing	
1TI	3	13	178520	καὶ	G2532	and	
1TI	3	13	178521	πολλὴν	G4183	great	
1TI	3	13	178522	παρρησίαν	G3954	confidence	
1TI	3	13	178523	ἐν	G1722	in	
1TI	3	13	178524	πίστει	G4102	[the] faith	
1TI	3	13	178525	τῇ	G3588	that [is]	
1TI	3	13	178526	ἐν	G1722	in	
1TI	3	13	178527	Χριστῷ	G5547	Christ	
1TI	3	13	178528	Ἰησοῦ	G2424	Jesus	.
1TI	3	14	178542	ἐλπίζων	G1679	[Although] I hope	
1TI	3	14	178543	ἐλθεῖν	G2064	to come	
1TI	3	14	178544	πρὸς	G4314	to	
1TI	3	14	178545	σὲ	G4771	you	
1TI	3	14	178546	ἐν	G1722	vvv	
1TI	3	14	178547	τάχει	G5034	soon	,
1TI	3	14	178541	γράφω	G1125	I am writing	
1TI	3	14	178540	σοι	G4771	you	
1TI	3	14	178539	Ταῦτά	G3778	these things	
1TI	3	15	178559	δὲ	G1161	-	
1TI	3	15	178558	ἐὰν	G1437	in case	
1TI	3	15	178560	βραδύνω	G1019	I am delayed	,
1TI	3	15	178561	ἵνα	G2443	so that	
1TI	3	15	178562	εἰδῇς	G1492	you will know	
1TI	3	15	178563	πῶς	G4459	how	
1TI	3	15	178564	δεῖ	G1163	each one must	
1TI	3	15	178568	ἀναστρέφεσθαι	G390	conduct himself	
1TI	3	15	178565	ἐν	G1722	in	
1TI	3	15	178567	Θεοῦ	G2316	God’s	
1TI	3	15	178566	οἴκῳ	G3624	household	,
1TI	3	15	178569	ἥτις	G3748	which	
1TI	3	15	178570	ἐστὶν	G1510	is	
1TI	3	15	178571	ἐκκλησία	G1577	[the] church	
1TI	3	15	178573	ζῶντος	G2198	of [the] living	
1TI	3	15	178572	Θεοῦ	G2316	God	,
1TI	3	15	178574	στῦλος	G4769	[the] pillar	
1TI	3	15	178575	καὶ	G2532	and	
1TI	3	15	178576	ἑδραίωμα	G1477	foundation	
1TI	3	15	178577	τῆς	G3588	of the	
1TI	3	15	178578	ἀληθείας	G225	truth	.
1TI	3	16	178589	Καὶ	G2532	vvv	
1TI	3	16	178590	ὁμολογουμένως	G3672	By common confession	,
1TI	3	16	178593	τὸ	G3588	the	
1TI	3	16	178596	μυστήριον	G3466	mystery	
1TI	3	16	178594	τῆς	G3588	-	
1TI	3	16	178595	εὐσεβείας	G2150	of godliness	
1TI	3	16	178592	ἐστὶν	G1510	is	
1TI	3	16	178591	μέγα	G3173	great	:
1TI	3	16	178597	Ὃς	G3739	[He]	
1TI	3	16	178598	ἐφανερώθη	G5319	appeared	
1TI	3	16	178599	ἐν	G1722	in	
1TI	3	16	178600	σαρκί	G4561	[the] flesh	,
1TI	3	16	178601	ἐδικαιώθη	G1344	was vindicated	
1TI	3	16	178602	ἐν	G1722	by	
1TI	3	16	178603	πνεύματι	G4151	[the] Spirit	,
1TI	3	16	178604	ὤφθη	G3708	was seen	
1TI	3	16	178605	ἀγγέλοις	G32	by angels	,
1TI	3	16	178606	ἐκηρύχθη	G2784	was proclaimed	
1TI	3	16	178607	ἐν	G1722	among	
1TI	3	16	178608	ἔθνεσιν	G1484	[the] nations	,
1TI	3	16	178609	ἐπιστεύθη	G4100	was believed in	
1TI	3	16	178610	ἐν	G1722	throughout	
1TI	3	16	178611	κόσμῳ	G2889	[the] world	,
1TI	3	16	178612	ἀνελήμφθη	G353	was taken up	
1TI	3	16	178613	ἐν	G1722	in	
1TI	3	16	178614	δόξῃ	G1391	glory	.
1TI	4	1	178626	δὲ	G1161	Now	
1TI	4	1	178625	Τὸ	G3588	the	
1TI	4	1	178627	πνεῦμα	G4151	Spirit	
1TI	4	1	178628	ῥητῶς	G4490	expressly	
1TI	4	1	178629	λέγει	G3004	states	
1TI	4	1	178630	ὅτι	G3754	that	
1TI	4	1	178631	ἐν	G1722	in	
1TI	4	1	178632	ὑστέροις	G5306	later	
1TI	4	1	178633	καιροῖς	G2540	times	
1TI	4	1	178635	τινες	G5100	some	
1TI	4	1	178634	ἀποστήσονταί	G868	will abandon	
1TI	4	1	178636	τῆς	G3588	the	
1TI	4	1	178637	πίστεως	G4102	faith	
1TI	4	1	178638	προσέχοντες	G4337	to follow	
1TI	4	1	178640	πλάνοις	G4108	deceitful	
1TI	4	1	178639	πνεύμασιν	G4151	spirits	
1TI	4	1	178641	καὶ	G2532	and	
1TI	4	1	178642	διδασκαλίαις	G1319	[the] teachings	
1TI	4	1	178643	δαιμονίων	G1140	of demons	,
1TI	4	2	178654	ἐν	G1722	influenced by	
1TI	4	2	178655	ὑποκρίσει	G5272	[the] hypocrisy	
1TI	4	2	178656	ψευδολόγων	G5573	of liars	,
1TI	4	2	178658	τὴν	G3588	-	
1TI	4	2	178659	ἰδίαν	G2398	[whose]	
1TI	4	2	178660	συνείδησιν	G4893	consciences	
1TI	4	2	178657	κεκαυστηριασμένων	G2743	are seared with a hot iron	.
1TI	4	3	178671	κωλυόντων	G2967	They will prohibit	
1TI	4	3	178672	γαμεῖν	G1060	marriage	
1TI	4	3	178673	ἀπέχεσθαι	G568	[and require] abstinence	
1TI	4	3	178674	βρωμάτων	G1033	from certain foods	
1TI	4	3	178675	ἃ	G3739	that	
1TI	4	3	178676	ὁ	G3588	-	
1TI	4	3	178677	Θεὸς	G2316	God	
1TI	4	3	178678	ἔκτισεν	G2936	has created	
1TI	4	3	178679	εἰς	G1519	to	
1TI	4	3	178680	μετάλημψιν	G3336	be received	
1TI	4	3	178681	μετὰ	G3326	with	
1TI	4	3	178682	εὐχαριστίας	G2169	thanksgiving	
1TI	4	3	178683	τοῖς	G3588	by those who	
1TI	4	3	178684	πιστοῖς	G4103	believe	
1TI	4	3	178685	καὶ	G2532	and	
1TI	4	3	178686	ἐπεγνωκόσι	G1921	know	
1TI	4	3	178687	τὴν	G3588	the	
1TI	4	3	178688	ἀλήθειαν	G225	truth	.
1TI	4	4	178699	ὅτι	G3754	For	
1TI	4	4	178700	πᾶν	G3956	every	
1TI	4	4	178701	κτίσμα	G2938	creation	
1TI	4	4	178702	Θεοῦ	G2316	of God	
1TI	4	4	178703	καλόν	G2570	[is] good	,
1TI	4	4	178704	καὶ	G2532	and	
1TI	4	4	178705	οὐδὲν	G3762	nothing	
1TI	4	4	178709	λαμβανόμενον	G2983	that is received	
1TI	4	4	178707	μετὰ	G3326	with	
1TI	4	4	178708	εὐχαριστίας	G2169	thanksgiving	
1TI	4	4	178706	ἀπόβλητον	G579	should be rejected	,
1TI	4	5	178721	γὰρ	G1063	because	
1TI	4	5	178720	ἁγιάζεται	G37	it is sanctified	
1TI	4	5	178722	διὰ	G1223	by	
1TI	4	5	178723	λόγου	G3056	[the] word	
1TI	4	5	178724	Θεοῦ	G2316	of God	
1TI	4	5	178725	καὶ	G2532	and	
1TI	4	5	178726	ἐντεύξεως	G1783	prayer	.
1TI	4	6	178738	ὑποτιθέμενος	G5294	By pointing out	
1TI	4	6	178737	Ταῦτα	G3778	these things	
1TI	4	6	178739	τοῖς	G3588	to the	
1TI	4	6	178740	ἀδελφοῖς	G80	brothers	,
1TI	4	6	178742	ἔσῃ	G1510	you will be	
1TI	4	6	178741	καλὸς	G2570	a good	
1TI	4	6	178743	διάκονος	G1249	servant	
1TI	4	6	178744	Χριστοῦ	G5547	of Christ	
1TI	4	6	178745	Ἰησοῦ	G2424	Jesus	,
1TI	4	6	178746	ἐντρεφόμενος	G1789	nourished	
1TI	4	6	178747	τοῖς	G3588	by the	
1TI	4	6	178748	λόγοις	G3056	words	
1TI	4	6	178749	τῆς	G3588	-	
1TI	4	6	178750	πίστεως	G4102	of faith	
1TI	4	6	178751	καὶ	G2532	and	
1TI	4	6	178752	τῆς	G3588	-	
1TI	4	6	178753	καλῆς	G2570	sound	
1TI	4	6	178754	διδασκαλίας	G1319	instruction	
1TI	4	6	178755	ᾗ	G3739	that	
1TI	4	6	178756	παρηκολούθηκας	G3877	you have followed	.
1TI	4	7	178768	δὲ	G1161	But	
1TI	4	7	178773	παραιτοῦ	G3868	reject	
1TI	4	7	178767	Τοὺς	G3588	-	
1TI	4	7	178769	βεβήλους	G952	irreverent	,
1TI	4	7	178770	καὶ	G2532	-	
1TI	4	7	178771	γραώδεις	G1126	silly	
1TI	4	7	178772	μύθους	G3454	myths	.
1TI	4	7	178775	δὲ	G1161	Instead	,
1TI	4	7	178774	γύμναζε	G1128	train	
1TI	4	7	178776	σεαυτὸν	G4572	yourself	
1TI	4	7	178777	πρὸς	G4314	for	
1TI	4	7	178778	εὐσέβειαν	G2150	godliness	.
1TI	4	8	178790	γὰρ	G1063	For	
1TI	4	8	178789	ἡ	G3588	-	
1TI	4	8	178791	σωματικὴ	G4984	physical	
1TI	4	8	178792	γυμνασία	G1129	exercise	
1TI	4	8	178795	ἐστὶν	G1510	is	
1TI	4	8	178793	πρὸς	G4314	of	
1TI	4	8	178794	ὀλίγον	G3641	limited	
1TI	4	8	178796	ὠφέλιμος	G5624	value	,
1TI	4	8	178798	δὲ	G1161	but	
1TI	4	8	178797	ἡ	G3588	-	
1TI	4	8	178799	εὐσέβεια	G2150	godliness	
1TI	4	8	178803	ἐστιν	G1510	is	
1TI	4	8	178802	ὠφέλιμός	G5624	valuable	
1TI	4	8	178800	πρὸς	G4314	in	
1TI	4	8	178801	πάντα	G3956	every [way]	,
1TI	4	8	178805	ἔχουσα	G2192	holding	
1TI	4	8	178804	ἐπαγγελίαν	G1860	promise	
1TI	4	8	178807	τῆς	G3588	for the	
1TI	4	8	178808	νῦν	G3568	present	
1TI	4	8	178806	ζωῆς	G2222	life	
1TI	4	8	178809	καὶ	G2532	and	
1TI	4	8	178810	τῆς	G3588	for the [one]	
1TI	4	8	178811	μελλούσης	G3195	to come	.
1TI	4	9	178822	πιστὸς	G4103	[This is] a trustworthy	
1TI	4	9	178823	ὁ	G3588	-	
1TI	4	9	178824	λόγος	G3056	saying	,
1TI	4	9	178825	καὶ	G2532	-	
1TI	4	9	178828	ἄξιος	G514	worthy	
1TI	4	9	178826	πάσης	G3956	of full	
1TI	4	9	178827	ἀποδοχῆς	G594	acceptance	.
1TI	4	10	178841	γὰρ	G1063	-	
1TI	4	10	178839	Εἰς	G1519	To	
1TI	4	10	178840	τοῦτο	G3778	this [end]	
1TI	4	10	178842	κοπιῶμεν	G2872	we labor	
1TI	4	10	178843	καὶ	G2532	and	
1TI	4	10	178844	ἀγωνιζόμεθα	G75	strive	,
1TI	4	10	178845	ὅτι	G3754	because	
1TI	4	10	178846	ἠλπίκαμεν	G1679	we have set our hope	
1TI	4	10	178847	ἐπὶ	G1909	on	
1TI	4	10	178849	ζῶντι	G2198	[the] living	
1TI	4	10	178848	Θεῷ	G2316	God	,
1TI	4	10	178850	ὅς	G3739	who	
1TI	4	10	178851	ἐστιν	G1510	is	
1TI	4	10	178852	Σωτὴρ	G4990	[the] Savior	
1TI	4	10	178853	πάντων	G3956	of everyone	
1TI	4	10	178854	ἀνθρώπων	G444	. . .	,
1TI	4	10	178855	μάλιστα	G3122	[and] especially	
1TI	4	10	178856	πιστῶν	G4103	of those who believe	.
1TI	4	11	178867	Παράγγελλε	G3853	Command	
1TI	4	11	178869	καὶ	G2532	and	
1TI	4	11	178870	δίδασκε	G1321	teach	
1TI	4	11	178868	ταῦτα	G3778	these things	.
1TI	4	12	178881	Μηδείς	G3367	{Let} no one	
1TI	4	12	178885	καταφρονείτω	G2706	despise	
1TI	4	12	178882	σου	G4771	your	
1TI	4	12	178883	τῆς	G3588	-	
1TI	4	12	178884	νεότητος	G3503	youth	,
1TI	4	12	178886	ἀλλὰ	G235	but	
1TI	4	12	178888	γίνου	G1096	set	
1TI	4	12	178887	τύπος	G5179	an example	
1TI	4	12	178889	τῶν	G3588	for the	
1TI	4	12	178890	πιστῶν	G4103	believers	
1TI	4	12	178891	ἐν	G1722	in	
1TI	4	12	178892	λόγῳ	G3056	speech	,
1TI	4	12	178893	ἐν	G1722	in	
1TI	4	12	178894	ἀναστροφῇ	G391	conduct	,
1TI	4	12	178895	ἐν	G1722	in	
1TI	4	12	178896	ἀγάπῃ	G26	love	,
1TI	4	12	178897	ἐν	G1722	in	
1TI	4	12	178898	πίστει	G4102	faith	,
1TI	4	12	178899	ἐν	G1722	in	
1TI	4	12	178900	ἁγνείᾳ	G47	purity	.
1TI	4	13	178911	ἕως	G2193	Until	
1TI	4	13	178912	ἔρχομαι	G2064	I come	,
1TI	4	13	178913	πρόσεχε	G4337	devote yourself	
1TI	4	13	178914	τῇ	G3588	to the	
1TI	4	13	178915	ἀναγνώσει	G320	public reading of Scripture	,
1TI	4	13	178916	τῇ	G3588	to	
1TI	4	13	178917	παρακλήσει	G3874	exhortation	,
1TI	4	13	178918	τῇ	G3588	[and] to	
1TI	4	13	178919	διδασκαλίᾳ	G1319	teaching	.
1TI	4	14	178930	Μὴ	G3361	{Do} not	
1TI	4	14	178931	ἀμέλει	G272	neglect	
1TI	4	14	178932	τοῦ	G3588	the	
1TI	4	14	178935	χαρίσματος	G5486	gift	
1TI	4	14	178933	ἐν	G1722	[that is] in	
1TI	4	14	178934	σοὶ	G4771	you	,
1TI	4	14	178936	ὃ	G3739	which	
1TI	4	14	178937	ἐδόθη	G1325	was given	
1TI	4	14	178938	σοι	G4771	you	
1TI	4	14	178939	διὰ	G1223	through	
1TI	4	14	178940	προφητείας	G4394	[the] prophecy spoken	
1TI	4	14	178941	μετὰ	G3326	[over you] at	
1TI	4	14	178942	ἐπιθέσεως	G1936	[the] laying on	
1TI	4	14	178943	τῶν	G3588	of the	
1TI	4	14	178944	χειρῶν	G5495	hands	
1TI	4	14	178945	τοῦ	G3588	of the	
1TI	4	14	178946	πρεσβυτερίου	G4244	elders	.
1TI	4	15	178958	μελέτα	G3191	Be diligent	
1TI	4	15	178957	ταῦτα	G3778	in these matters	
1TI	4	15	178961	ἴσθι	G1510	[and] absorbed	
1TI	4	15	178959	ἐν	G1722	in	
1TI	4	15	178960	τούτοις	G3778	them	,
1TI	4	15	178962	ἵνα	G2443	so that	
1TI	4	15	178963	σου	G4771	your	
1TI	4	15	178964	ἡ	G3588	-	
1TI	4	15	178965	προκοπὴ	G4297	progress	
1TI	4	15	178967	ᾖ	G1510	will be	
1TI	4	15	178966	φανερὰ	G5318	evident	
1TI	4	15	178968	πᾶσιν	G3956	to all	.
1TI	4	16	178979	ἔπεχε	G1907	Pay close attention	
1TI	4	16	178980	σεαυτῷ	G4572	to your [life]	
1TI	4	16	178981	καὶ	G2532	and	
1TI	4	16	178982	τῇ	G3588	to [your]	
1TI	4	16	178983	διδασκαλίᾳ	G1319	teaching	.
1TI	4	16	178984	ἐπίμενε	G1961	Persevere	
1TI	4	16	178985	αὐτοῖς	G846	in these things	,
1TI	4	16	178987	γὰρ	G1063	for	
1TI	4	16	178988	ποιῶν	G4160	by so doing	
1TI	4	16	178986	τοῦτο	G3778	. . .	
1TI	4	16	178991	σώσεις	G4982	you will save	
1TI	4	16	178989	καὶ	G2532	both	
1TI	4	16	178990	σεαυτὸν	G4572	yourself	
1TI	4	16	178992	καὶ	G2532	and	
1TI	4	16	178993	τοὺς	G3588	those who	
1TI	4	16	178994	ἀκούοντάς	G191	hear	
1TI	4	16	178995	σου	G4771	you	.
1TI	5	1	179007	μὴ	G3361	{Do} not	
1TI	5	1	179008	ἐπιπλήξῃς	G1969	rebuke	
1TI	5	1	179006	Πρεσβυτέρῳ	G4245	an older man	,
1TI	5	1	179009	ἀλλὰ	G235	but	
1TI	5	1	179010	παρακάλει	G3870	appeal to [him]	
1TI	5	1	179011	ὡς	G5613	as to	
1TI	5	1	179012	πατέρα	G3962	a father	.
1TI	5	1	179013	νεωτέρους	G3501	[Treat] younger [men]	
1TI	5	1	179014	ὡς	G5613	as	
1TI	5	1	179015	ἀδελφούς	G80	brothers	,
1TI	5	2	179026	πρεσβυτέρας	G4245	older [women]	
1TI	5	2	179027	ὡς	G5613	as	
1TI	5	2	179028	μητέρας	G3384	mothers	,
1TI	5	2	179029	νεωτέρας	G3501	[and] younger [women]	
1TI	5	2	179030	ὡς	G5613	as	
1TI	5	2	179031	ἀδελφὰς	G79	sisters	,
1TI	5	2	179032	ἐν	G1722	with	
1TI	5	2	179033	πάσῃ	G3956	absolute	
1TI	5	2	179034	ἁγνείᾳ	G47	purity	.
1TI	5	3	179046	τίμα	G5091	Honor	
1TI	5	3	179045	Χήρας	G5503	[the] widows	
1TI	5	3	179047	τὰς	G3588	who [are]	
1TI	5	3	179048	ὄντως	G3689	truly	
1TI	5	3	179049	χήρας	G5503	widows	.
1TI	5	4	179061	δέ	G1161	But	
1TI	5	4	179060	εἰ	G1487	if	
1TI	5	4	179062	τις	G5100	a	
1TI	5	4	179063	χήρα	G5503	widow	
1TI	5	4	179067	ἔχει	G2192	has	
1TI	5	4	179064	τέκνα	G5043	children	
1TI	5	4	179065	ἢ	G2228	or	
1TI	5	4	179066	ἔκγονα	G1549	grandchildren	,
1TI	5	4	179068	μανθανέτωσαν	G3129	they must first learn	
1TI	5	4	179069	πρῶτον	G4412	. . .	
1TI	5	4	179073	εὐσεβεῖν	G2151	to show godliness	
1TI	5	4	179070	τὸν	G3588	to [their]	
1TI	5	4	179071	ἴδιον	G2398	own	
1TI	5	4	179072	οἶκον	G3624	family	
1TI	5	4	179074	καὶ	G2532	and	
1TI	5	4	179076	ἀποδιδόναι	G591	repay	
1TI	5	4	179075	ἀμοιβὰς	G287	. . .	
1TI	5	4	179077	τοῖς	G3588	[their]	
1TI	5	4	179078	προγόνοις	G4269	parents	,
1TI	5	4	179080	γάρ	G1063	for	
1TI	5	4	179079	τοῦτο	G3778	this	
1TI	5	4	179081	ἐστιν	G1510	is	
1TI	5	4	179082	ἀπόδεκτον	G587	pleasing	
1TI	5	4	179083	ἐνώπιον	G1799	in the sight of	
1TI	5	4	179084	τοῦ	G3588	-	
1TI	5	4	179085	Θεοῦ	G2316	God	.
1TI	5	5	179097	δὲ	G1161	-	
1TI	5	5	179096	Ἡ	G3588	[The widow] who [is]	
1TI	5	5	179098	ὄντως	G3689	truly	
1TI	5	5	179099	χήρα	G5503	[in need]	
1TI	5	5	179100	καὶ	G2532	and	
1TI	5	5	179101	μεμονωμένη	G3443	left all alone	
1TI	5	5	179102	ἤλπικεν	G1679	puts [her] hope	
1TI	5	5	179103	ἐπὶ	G1909	in	
1TI	5	5	179104	Θεὸν	G2316	God	
1TI	5	5	179105	καὶ	G2532	and	
1TI	5	5	179106	προσμένει	G4357	continues	
1TI	5	5	179112	νυκτὸς	G3571	night	
1TI	5	5	179113	καὶ	G2532	and	
1TI	5	5	179114	ἡμέρας	G2250	day	
1TI	5	5	179107	ταῖς	G3588	in [her]	
1TI	5	5	179108	δεήσεσιν	G1162	petitions	
1TI	5	5	179109	καὶ	G2532	and	
1TI	5	5	179110	ταῖς	G3588	-	
1TI	5	5	179111	προσευχαῖς	G4335	prayers	.
1TI	5	6	179126	δὲ	G1161	But	
1TI	5	6	179125	ἡ	G3588	she who	
1TI	5	6	179127	σπαταλῶσα	G4684	lives for pleasure	
1TI	5	6	179129	τέθνηκεν	G2348	is dead	
1TI	5	6	179128	ζῶσα	G2198	[even while she] is still alive	.
1TI	5	7	179140	Καὶ	G2532	-	
1TI	5	7	179142	παράγγελλε	G3853	Give these instructions [to the believers]	
1TI	5	7	179141	ταῦτα	G3778	. . .	,
1TI	5	7	179143	ἵνα	G2443	so that	
1TI	5	7	179145	ὦσιν	G1510	they will be	
1TI	5	7	179144	ἀνεπίλημπτοι	G423	above reproach	.
1TI	5	8	179157	δέ	G1161	-	
1TI	5	8	179156	εἰ	G1487	If	
1TI	5	8	179158	τις	G5100	anyone	
1TI	5	8	179164	οὐ	G3756	vvv	
1TI	5	8	179165	προνοεῖ	G4306	does not provide for	
1TI	5	8	179159	τῶν	G3588	[his]	
1TI	5	8	179160	ἰδίων	G2398	own	,
1TI	5	8	179161	καὶ	G2532	and	
1TI	5	8	179162	μάλιστα	G3122	especially [his own]	
1TI	5	8	179163	οἰκείων	G3609	household	,
1TI	5	8	179168	ἤρνηται	G720	he has denied	
1TI	5	8	179166	τὴν	G3588	the	
1TI	5	8	179167	πίστιν	G4102	faith	
1TI	5	8	179169	καὶ	G2532	and	
1TI	5	8	179170	ἔστιν	G1510	is	
1TI	5	8	179172	χείρων	G5501	worse than	
1TI	5	8	179171	ἀπίστου	G571	an unbeliever	.
1TI	5	9	179183	Χήρα	G5503	A widow	
1TI	5	9	179184	καταλεγέσθω	G2639	should be enrolled	
1TI	5	9	179189	γεγονυῖα	G1096	if she is	
1TI	5	9	179185	μὴ	G3361	vvv	
1TI	5	9	179186	ἔλαττον	G1640	[at least]	
1TI	5	9	179188	ἑξήκοντα	G1835	sixty	
1TI	5	9	179187	ἐτῶν	G2094	years [old]	,
1TI	5	9	179192	γυνή	G1135	faithful	
1TI	5	9	179190	ἑνὸς	G1520	. . .	
1TI	5	9	179191	ἀνδρὸς	G435	to her husband	,
1TI	5	10	179206	μαρτυρουμένη	G3140	[and] well known	
1TI	5	10	179203	ἐν	G1722	for	
1TI	5	10	179205	καλοῖς	G2570	good	
1TI	5	10	179204	ἔργοις	G2041	deeds	
1TI	5	10	179207	εἰ	G1487	[such as]	
1TI	5	10	179208	ἐτεκνοτρόφησεν	G5044	bringing up children	,
1TI	5	10	179209	εἰ	G1487	-	
1TI	5	10	179210	ἐξενοδόχησεν	G3580	entertaining strangers	,
1TI	5	10	179211	εἰ	G1487	-	
1TI	5	10	179214	ἔνιψεν	G3538	washing	
1TI	5	10	179213	πόδας	G4228	[the] feet	
1TI	5	10	179212	ἁγίων	G40	of the saints	,
1TI	5	10	179215	εἰ	G1487	-	
1TI	5	10	179217	ἐπήρκεσεν	G1884	imparting relief	
1TI	5	10	179216	θλιβομένοις	G2346	to the afflicted	,
1TI	5	10	179218	εἰ	G1487	[and]	
1TI	5	10	179222	ἐπηκολούθησεν	G1872	devoting herself to	
1TI	5	10	179219	παντὶ	G3956	every	
1TI	5	10	179221	ἀγαθῷ	G18	good	
1TI	5	10	179220	ἔργῳ	G2041	work	.
1TI	5	11	179234	δὲ	G1161	But	
1TI	5	11	179236	παραιτοῦ	G3868	refuse [to enroll]	
1TI	5	11	179233	Νεωτέρας	G3501	younger	
1TI	5	11	179235	χήρας	G5503	widows	.
1TI	5	11	179238	γὰρ	G1063	For	
1TI	5	11	179237	ὅταν	G3752	when	
1TI	5	11	179239	καταστρηνιάσωσιν	G2691	their passions draw them away	
1TI	5	11	179240	τοῦ	G3588	-	
1TI	5	11	179241	Χριστοῦ	G5547	from Christ	,
1TI	5	11	179243	θέλουσιν	G2309	they will want	
1TI	5	11	179242	γαμεῖν	G1060	to marry	,
1TI	5	12	179254	ἔχουσαι	G2192	[and thus] will incur	
1TI	5	12	179255	κρίμα	G2917	judgment	
1TI	5	12	179256	ὅτι	G3754	because	
1TI	5	12	179260	ἠθέτησαν	G114	they are setting aside	
1TI	5	12	179257	τὴν	G3588	[their]	
1TI	5	12	179258	πρώτην	G4413	first	
1TI	5	12	179259	πίστιν	G4102	faith	.
1TI	5	13	179272	δὲ	G1161	-	
1TI	5	13	179271	ἅμα	G260	At the same time	
1TI	5	13	179273	καὶ	G2532	vvv	
1TI	5	13	179275	μανθάνουσιν	G3129	they will also learn	
1TI	5	13	179274	ἀργαὶ	G692	[to be] idle	,
1TI	5	13	179276	περιερχόμεναι	G4022	going from	
1TI	5	13	179277	τὰς	G3588	-	
1TI	5	13	179278	οἰκίας	G3614	house to house	
1TI	5	13	179281	δὲ	G1161	and {being}	
1TI	5	13	179279	οὐ	G3756	not	
1TI	5	13	179280	μόνον	G3440	only	
1TI	5	13	179282	ἀργαὶ	G692	idle	,
1TI	5	13	179283	ἀλλὰ	G235	but	
1TI	5	13	179284	καὶ	G2532	also	
1TI	5	13	179285	φλύαροι	G5397	gossips	
1TI	5	13	179286	καὶ	G2532	and	
1TI	5	13	179287	περίεργοι	G4021	busybodies	,
1TI	5	13	179288	λαλοῦσαι	G2980	discussing	
1TI	5	13	179289	τὰ	G3588	things	
1TI	5	13	179291	δέοντα	G1163	they should	
1TI	5	13	179290	μὴ	G3361	not [ mention ]	.
1TI	5	14	179303	οὖν	G3767	So	
1TI	5	14	179302	Βούλομαι	G1014	I advise	
1TI	5	14	179304	νεωτέρας	G3501	[the] younger [widows]	
1TI	5	14	179305	γαμεῖν	G1060	to marry	,
1TI	5	14	179306	τεκνογονεῖν	G5041	have children	,
1TI	5	14	179307	οἰκοδεσποτεῖν	G3616	[and] manage their households	,
1TI	5	14	179310	διδόναι	G1325	denying	
1TI	5	14	179308	μηδεμίαν	G3367	. . .	
1TI	5	14	179311	τῷ	G3588	the	
1TI	5	14	179312	ἀντικειμένῳ	G480	adversary	
1TI	5	14	179309	ἀφορμὴν	G874	occasion	
1TI	5	14	179314	χάριν	G5484	for	
1TI	5	14	179313	λοιδορίας	G3059	slander	.
1TI	5	15	179326	γάρ	G1063	For	
1TI	5	15	179327	τινες	G5100	some	
1TI	5	15	179325	ἤδη	G2235	vvv	
1TI	5	15	179328	ἐξετράπησαν	G1624	have already turned aside	
1TI	5	15	179329	ὀπίσω	G3694	to follow	
1TI	5	15	179330	τοῦ	G3588	-	
1TI	5	15	179331	Σατανᾶ	G4567	Satan	.
1TI	5	16	179342	Εἴ	G1487	If	
1TI	5	16	179343	τις	G5100	any	
1TI	5	16	179344	πιστὴ	G4103	believing [woman]	
1TI	5	16	179345	ἔχει	G2192	has	
1TI	5	16	179346	χήρας	G5503	[dependent] widows	,
1TI	5	16	179347	ἐπαρκείτω	G1884	she must assist	
1TI	5	16	179348	αὐταῖς	G846	them	
1TI	5	16	179349	καὶ	G2532	and	
1TI	5	16	179350	μὴ	G3361	not	
1TI	5	16	179352	ἡ	G3588	{allow} the	
1TI	5	16	179353	ἐκκλησία	G1577	church	
1TI	5	16	179351	βαρείσθω	G916	to be burdened	,
1TI	5	16	179354	ἵνα	G2443	so that	
1TI	5	16	179358	ἐπαρκέσῃ	G1884	it can help	
1TI	5	16	179355	ταῖς	G3588	the	
1TI	5	16	179357	χήραις	G5503	widows [who are]	
1TI	5	16	179356	ὄντως	G3689	truly [ in need ]	.
1TI	5	17	179369	Οἱ	G3588	-	
1TI	5	17	179372	πρεσβύτεροι	G4245	Elders	
1TI	5	17	179371	προεστῶτες	G4291	who lead	
1TI	5	17	179370	καλῶς	G2573	effectively	
1TI	5	17	179375	ἀξιούσθωσαν	G515	are worthy	
1TI	5	17	179373	διπλῆς	G1362	of double	
1TI	5	17	179374	τιμῆς	G5092	honor	,
1TI	5	17	179376	μάλιστα	G3122	especially	
1TI	5	17	179377	οἱ	G3588	those who	
1TI	5	17	179378	κοπιῶντες	G2872	work hard	
1TI	5	17	179379	ἐν	G1722	at	
1TI	5	17	179380	λόγῳ	G3056	preaching	
1TI	5	17	179381	καὶ	G2532	and	
1TI	5	17	179382	διδασκαλίᾳ	G1319	teaching	.
1TI	5	18	179394	γὰρ	G1063	For	
1TI	5	18	179395	ἡ	G3588	the	
1TI	5	18	179396	γραφή	G1124	Scripture	
1TI	5	18	179393	λέγει	G3004	says	,
1TI	5	18	179399	οὐ	G3756	vvv	
1TI	5	18	179400	φιμώσεις	G5392	Do not muzzle	
1TI	5	18	179397	Βοῦν	G1016	an ox	
1TI	5	18	179398	ἀλοῶντα	G248	while it is treading out the grain	,”
1TI	5	18	179401	καί	G2532	and	,
1TI	5	18	179403	ὁ	G3588	The	
1TI	5	18	179404	ἐργάτης	G2040	worker	
1TI	5	18	179402	Ἄξιος	G514	[is] worthy	
1TI	5	18	179405	τοῦ	G3588	of	
1TI	5	18	179407	αὐτοῦ	G846	his	
1TI	5	18	179406	μισθοῦ	G3408	wages	.”
1TI	5	19	179421	μὴ	G3361	{Do} not	
1TI	5	19	179422	παραδέχου	G3858	entertain	
1TI	5	19	179420	κατηγορίαν	G2724	an accusation	
1TI	5	19	179418	Κατὰ	G2596	against	
1TI	5	19	179419	πρεσβυτέρου	G4245	an elder	,
1TI	5	19	179423	ἐκτὸς	G1622	except	
1TI	5	19	179424	εἰ	G1487	. . .	
1TI	5	19	179425	μὴ	G3361	. . .	
1TI	5	19	179426	ἐπὶ	G1909	on [the testimony of]	
1TI	5	19	179427	δύο	G1417	two	
1TI	5	19	179428	ἢ	G2228	or	
1TI	5	19	179429	τριῶν	G5140	three	
1TI	5	19	179430	μαρτύρων	G3144	witnesses	.
1TI	5	20	179442	δὲ	G1161	But	
1TI	5	20	179441	Τοὺς	G3588	those who	
1TI	5	20	179443	ἁμαρτάνοντας	G264	persist in sin	
1TI	5	20	179446	ἔλεγχε	G1651	should be rebuked	
1TI	5	20	179444	ἐνώπιον	G1799	in front of	
1TI	5	20	179445	πάντων	G3956	everyone	,
1TI	5	20	179447	ἵνα	G2443	so that	
1TI	5	20	179448	καὶ	G2532	-	
1TI	5	20	179449	οἱ	G3588	the	
1TI	5	20	179450	λοιποὶ	G3062	others	
1TI	5	20	179452	ἔχωσιν	G2192	will	
1TI	5	20	179451	φόβον	G5401	stand in fear [of sin]	.
1TI	5	21	179463	Διαμαρτύρομαι	G1263	I solemnly charge [you]	
1TI	5	21	179464	ἐνώπιον	G1799	before	
1TI	5	21	179465	τοῦ	G3588	-	
1TI	5	21	179466	Θεοῦ	G2316	God	
1TI	5	21	179467	καὶ	G2532	and	
1TI	5	21	179468	Χριστοῦ	G5547	Christ	
1TI	5	21	179469	Ἰησοῦ	G2424	Jesus	
1TI	5	21	179470	καὶ	G2532	and	
1TI	5	21	179471	τῶν	G3588	the	
1TI	5	21	179472	ἐκλεκτῶν	G1588	elect	
1TI	5	21	179473	ἀγγέλων	G32	angels	
1TI	5	21	179474	ἵνα	G2443	to	
1TI	5	21	179476	φυλάξῃς	G5442	maintain	
1TI	5	21	179475	ταῦτα	G3778	these [principles]	
1TI	5	21	179477	χωρὶς	G5565	without	
1TI	5	21	179478	προκρίματος	G4299	bias	,
1TI	5	21	179480	ποιῶν	G4160	[and] to do	
1TI	5	21	179479	μηδὲν	G3367	nothing	
1TI	5	21	179481	κατὰ	G2596	out of	
1TI	5	21	179482	πρόσκλισιν	G4346	partiality	.
1TI	5	22	179494	ταχέως	G5030	Do not be too quick	
1TI	5	22	179495	μηδενὶ	G3367	. . .	
1TI	5	22	179496	ἐπιτίθει	G2007	in the laying on	
1TI	5	22	179493	Χεῖρας	G5495	of hands	
1TI	5	22	179497	μηδὲ	G3366	[and thereby]	
1TI	5	22	179498	κοινώνει	G2841	share	
1TI	5	22	179499	ἁμαρτίαις	G266	in [the] sins	
1TI	5	22	179500	ἀλλοτρίαις	G245	of others	.
1TI	5	22	179503	τήρει	G5083	Keep	
1TI	5	22	179501	σεαυτὸν	G4572	yourself	
1TI	5	22	179502	ἁγνὸν	G53	pure	.
1TI	5	23	179514	Μηκέτι	G3371	vvv	
1TI	5	23	179515	ὑδροπότει	G5202	Stop drinking [only] water	
1TI	5	23	179519	χρῶ	G5530	[and] use	
1TI	5	23	179518	ὀλίγῳ	G3641	a little	
1TI	5	23	179517	οἴνῳ	G3631	wine	
1TI	5	23	179516	ἀλλὰ	G235	instead	,
1TI	5	23	179520	διὰ	G1223	because of	
1TI	5	23	179521	τὸν	G3588	[your]	
1TI	5	23	179522	στόμαχον	G4751	stomach	
1TI	5	23	179523	καὶ	G2532	and	
1TI	5	23	179526	σου	G4771	your	
1TI	5	23	179525	πυκνάς	G4437	frequent	
1TI	5	23	179524	τὰς	G3588	-	
1TI	5	23	179527	ἀσθενείας	G769	ailments	.
1TI	5	24	179540	αἱ	G3588	The	
1TI	5	24	179541	ἁμαρτίαι	G266	sins	
1TI	5	24	179538	Τινῶν	G5100	of some	
1TI	5	24	179539	ἀνθρώπων	G444	men	
1TI	5	24	179543	εἰσιν	G1510	are	
1TI	5	24	179542	πρόδηλοί	G4271	obvious	,
1TI	5	24	179544	προάγουσαι	G4254	going ahead of [them]	
1TI	5	24	179545	εἰς	G1519	to	
1TI	5	24	179546	κρίσιν	G2920	judgment	;
1TI	5	24	179548	δὲ	G1161	but	
1TI	5	24	179547	τισὶν	G5100	[the sins] of others	
1TI	5	24	179549	καὶ	G2532	vvv	
1TI	5	24	179550	ἐπακολουθοῦσιν	G1872	do [not] surface until later	.
1TI	5	25	179561	ὡσαύτως	G5615	In the same way	
1TI	5	25	179562	καὶ	G2532	. . .	,
1TI	5	25	179565	τὰ	G3588	-	
1TI	5	25	179566	καλὰ	G2570	good	
1TI	5	25	179563	τὰ	G3588	-	
1TI	5	25	179564	ἔργα	G2041	deeds	
1TI	5	25	179567	πρόδηλα	G4271	[are] obvious	,
1TI	5	25	179568	καὶ	G2532	and even	
1TI	5	25	179569	τὰ	G3588	the [ones that]	
1TI	5	25	179571	ἔχοντα	G2192	are	
1TI	5	25	179570	ἄλλως	G247	[inconspicuous]	
1TI	5	25	179573	οὐ	G3756	vvv	
1TI	5	25	179574	δύνανται	G1410	cannot	
1TI	5	25	179572	κρυβῆναι	G2928	remain hidden	.
1TI	6	1	179585	Ὅσοι	G3745	All who	
1TI	6	1	179586	εἰσὶν	G1510	are	
1TI	6	1	179587	ὑπὸ	G5259	under	
1TI	6	1	179588	ζυγὸν	G2218	[the] yoke	
1TI	6	1	179589	δοῦλοι	G1401	of slavery	
1TI	6	1	179596	ἡγείσθωσαν	G2233	should regard	
1TI	6	1	179590	τοὺς	G3588	[their]	
1TI	6	1	179591	ἰδίους	G2398	. . .	
1TI	6	1	179592	δεσπότας	G1203	masters	
1TI	6	1	179593	πάσης	G3956	{as} fully	
1TI	6	1	179595	ἀξίους	G514	worthy	
1TI	6	1	179594	τιμῆς	G5092	of honor	,
1TI	6	1	179597	ἵνα	G2443	so that	
1TI	6	1	179601	τοῦ	G3588	-	
1TI	6	1	179602	Θεοῦ	G2316	God’s	
1TI	6	1	179599	τὸ	G3588	-	
1TI	6	1	179600	ὄνομα	G3686	name	
1TI	6	1	179603	καὶ	G2532	and	
1TI	6	1	179604	ἡ	G3588	[our]	
1TI	6	1	179605	διδασκαλία	G1319	teaching	
1TI	6	1	179598	μὴ	G3361	vvv	
1TI	6	1	179606	βλασφημῆται	G987	will not be discredited	.
1TI	6	2	179618	δὲ	G1161	-	
1TI	6	2	179617	οἱ	G3588	Those who	
1TI	6	2	179620	ἔχοντες	G2192	have	
1TI	6	2	179619	πιστοὺς	G4103	believing	
1TI	6	2	179621	δεσπότας	G1203	masters	
1TI	6	2	179622	μὴ	G3361	vvv	
1TI	6	2	179623	καταφρονείτωσαν	G2706	should not show disrespect	
1TI	6	2	179624	ὅτι	G3754	because	
1TI	6	2	179626	εἰσιν	G1510	they are	
1TI	6	2	179625	ἀδελφοί	G80	brothers	,
1TI	6	2	179627	ἀλλὰ	G235	but	
1TI	6	2	179629	δουλευέτωσαν	G1398	should serve [them]	
1TI	6	2	179628	μᾶλλον	G3123	all the more	,
1TI	6	2	179630	ὅτι	G3754	since	
1TI	6	2	179635	οἱ	G3588	those	
1TI	6	2	179638	ἀντιλαμβανόμενοι	G482	receiving	
1TI	6	2	179636	τῆς	G3588	[their]	
1TI	6	2	179637	εὐεργεσίας	G2108	good service	
1TI	6	2	179632	εἰσιν	G1510	are	
1TI	6	2	179633	καὶ	G2532	-	
1TI	6	2	179634	ἀγαπητοὶ	G27	beloved	
1TI	6	2	179631	πιστοί	G4103	believers	.
1TI	6	2	179640	δίδασκε	G1321	Teach	
1TI	6	2	179641	καὶ	G2532	and	
1TI	6	2	179642	παρακάλει	G3870	encourage	
1TI	6	2	179639	Ταῦτα	G3778	these [principles]	.
1TI	6	3	179653	Εἴ	G1487	If	
1TI	6	3	179654	τις	G5100	anyone	
1TI	6	3	179655	ἑτεροδιδασκαλεῖ	G2085	teaches another doctrine	
1TI	6	3	179656	καὶ	G2532	and	
1TI	6	3	179657	μὴ	G3361	vvv	
1TI	6	3	179658	προσέρχεται	G4334	disagrees	
1TI	6	3	179659	ὑγιαίνουσιν	G5198	[with the] sound	
1TI	6	3	179660	λόγοις	G3056	words	
1TI	6	3	179661	τοῖς	G3588	-	
1TI	6	3	179664	ἡμῶν	G1473	of our	
1TI	6	3	179662	τοῦ	G3588	-	
1TI	6	3	179663	Κυρίου	G2962	Lord	
1TI	6	3	179665	Ἰησοῦ	G2424	Jesus	
1TI	6	3	179666	Χριστοῦ	G5547	Christ	
1TI	6	3	179667	καὶ	G2532	and	
1TI	6	3	179668	τῇ	G3588	-	
1TI	6	3	179669	κατ’	G2596	with	
1TI	6	3	179670	εὐσέβειαν	G2150	godly	
1TI	6	3	179671	διδασκαλίᾳ	G1319	teaching	,
1TI	6	4	179682	τετύφωται	G5187	he is conceited	
1TI	6	4	179684	ἐπιστάμενος	G1987	[and] understands	
1TI	6	4	179683	μηδὲν	G3367	nothing	.
1TI	6	4	179685	ἀλλὰ	G235	Instead	,
1TI	6	4	179686	νοσῶν	G3552	[he has] an unhealthy interest	
1TI	6	4	179687	περὶ	G4012	in	
1TI	6	4	179688	ζητήσεις	G2214	controversies	
1TI	6	4	179689	καὶ	G2532	and	
1TI	6	4	179690	λογομαχίας	G3055	disputes about words	,
1TI	6	4	179691	ἐξ	G1537	out of	
1TI	6	4	179692	ὧν	G3739	which	
1TI	6	4	179693	γίνεται	G1096	come	
1TI	6	4	179694	φθόνος	G5355	envy	,
1TI	6	4	179695	ἔρις	G2054	strife	,
1TI	6	4	179696	βλασφημίαι	G988	abusive talk	,
1TI	6	4	179698	πονηραί	G4190	evil	
1TI	6	4	179697	ὑπόνοιαι	G5283	suspicions	,
1TI	6	5	179709	διαπαρατριβαὶ	G3859	[and] constant friction	
1TI	6	5	179711	ἀνθρώπων	G444	between men	
1TI	6	5	179710	διεφθαρμένων	G1311	of depraved	
1TI	6	5	179712	τὸν	G3588	-	
1TI	6	5	179713	νοῦν	G3563	mind	
1TI	6	5	179714	καὶ	G2532	[who are]	
1TI	6	5	179715	ἀπεστερημένων	G650	devoid	
1TI	6	5	179716	τῆς	G3588	-	
1TI	6	5	179717	ἀληθείας	G225	of the truth	.
1TI	6	5	179718	νομιζόντων	G3543	[These men] regard	
1TI	6	5	179721	τὴν	G3588	-	
1TI	6	5	179722	εὐσέβειαν	G2150	godliness	
1TI	6	5	179720	εἶναι	G1510	as	
1TI	6	5	179719	πορισμὸν	G4200	a means of gain	.
1TI	6	6	179734	δὲ	G1161	Of course	,
1TI	6	6	179737	ἡ	G3588	-	
1TI	6	6	179738	εὐσέβεια	G2150	godliness	
1TI	6	6	179739	μετὰ	G3326	with	
1TI	6	6	179740	αὐταρκείας	G841	contentment	
1TI	6	6	179733	Ἔστιν	G1510	is	
1TI	6	6	179736	μέγας	G3173	great	
1TI	6	6	179735	πορισμὸς	G4200	gain	.
1TI	6	7	179752	γὰρ	G1063	For	
1TI	6	7	179753	εἰσηνέγκαμεν	G1533	we brought	
1TI	6	7	179751	οὐδὲν	G3762	nothing	
1TI	6	7	179754	εἰς	G1519	into	
1TI	6	7	179755	τὸν	G3588	the	
1TI	6	7	179756	κόσμον	G2889	world	,
1TI	6	7	179757	ὅτι	G3754	so	
1TI	6	7	179758	οὐδὲ	G3761	vvv	
1TI	6	7	179761	δυνάμεθα	G1410	we cannot	
1TI	6	7	179759	ἐξενεγκεῖν	G1627	carry	
1TI	6	7	179760	τι	G5100	anything {out of it}	.
1TI	6	8	179773	δὲ	G1161	But	
1TI	6	8	179772	ἔχοντες	G2192	if we have	
1TI	6	8	179774	διατροφὰς	G1305	food	
1TI	6	8	179775	καὶ	G2532	and	
1TI	6	8	179776	σκεπάσματα	G4629	clothing	,
1TI	6	8	179778	ἀρκεσθησόμεθα	G714	we will be content	
1TI	6	8	179777	τούτοις	G3778	with these	.
1TI	6	9	179789	Οἱ	G3588	Those who	
1TI	6	9	179791	βουλόμενοι	G1014	want	
1TI	6	9	179792	πλουτεῖν	G4147	to be rich	,
1TI	6	9	179790	δὲ	G1161	however	,
1TI	6	9	179793	ἐμπίπτουσιν	G1706	fall	
1TI	6	9	179794	εἰς	G1519	into	
1TI	6	9	179795	πειρασμὸν	G3986	temptation	
1TI	6	9	179796	καὶ	G2532	and	
1TI	6	9	179797	παγίδα	G3803	become ensnared	
1TI	6	9	179798	καὶ	G2532	-	
1TI	6	9	179800	πολλὰς	G4183	by many	
1TI	6	9	179801	ἀνοήτους	G453	foolish	
1TI	6	9	179802	καὶ	G2532	and	
1TI	6	9	179803	βλαβεράς	G983	harmful	
1TI	6	9	179799	ἐπιθυμίας	G1939	desires	
1TI	6	9	179804	αἵτινες	G3748	that	
1TI	6	9	179805	βυθίζουσιν	G1036	plunge	
1TI	6	9	179806	τοὺς	G3588	-	
1TI	6	9	179807	ἀνθρώπους	G444	[them]	
1TI	6	9	179808	εἰς	G1519	into	
1TI	6	9	179809	ὄλεθρον	G3639	ruin	
1TI	6	9	179810	καὶ	G2532	and	
1TI	6	9	179811	ἀπώλειαν	G684	destruction	.
1TI	6	10	179823	γὰρ	G1063	For	
1TI	6	10	179828	ἡ	G3588	the	
1TI	6	10	179829	φιλαργυρία	G5365	love of money	
1TI	6	10	179827	ἐστιν	G1510	is	
1TI	6	10	179822	ῥίζα	G4491	[the] root	
1TI	6	10	179824	πάντων	G3956	of all kinds	
1TI	6	10	179825	τῶν	G3588	-	
1TI	6	10	179826	κακῶν	G2556	of evil	.
1TI	6	10	179832	ὀρεγόμενοι	G3713	By craving	
1TI	6	10	179830	ἧς	G3739	[it]	,
1TI	6	10	179831	τινες	G5100	some	
1TI	6	10	179833	ἀπεπλανήθησαν	G635	have wandered	
1TI	6	10	179834	ἀπὸ	G575	away from	
1TI	6	10	179835	τῆς	G3588	the	
1TI	6	10	179836	πίστεως	G4102	faith	
1TI	6	10	179837	καὶ	G2532	and	
1TI	6	10	179839	περιέπειραν	G4044	pierced	
1TI	6	10	179838	ἑαυτοὺς	G1438	themselves	
1TI	6	10	179841	πολλαῖς	G4183	with many	
1TI	6	10	179840	ὀδύναις	G3601	sorrows	.
1TI	6	11	179853	δέ	G1161	But	
1TI	6	11	179852	Σὺ	G4771	you	,
1TI	6	11	179854	ὦ	G5599	O	
1TI	6	11	179855	ἄνθρωπε	G444	man	
1TI	6	11	179856	Θεοῦ	G2316	of God	,
1TI	6	11	179858	φεῦγε	G5343	flee from	
1TI	6	11	179857	ταῦτα	G3778	these things	
1TI	6	11	179860	δὲ	G1161	and	
1TI	6	11	179859	δίωκε	G1377	pursue	
1TI	6	11	179861	δικαιοσύνην	G1343	righteousness	,
1TI	6	11	179862	εὐσέβειαν	G2150	godliness	,
1TI	6	11	179863	πίστιν	G4102	faith	,
1TI	6	11	179864	ἀγάπην	G26	love	,
1TI	6	11	179865	ὑπομονήν	G5281	perseverance	,
1TI	6	11	179866	πραϋπαθίαν	G4240	[and] gentleness	.
1TI	6	12	179877	ἀγωνίζου	G75	Fight	
1TI	6	12	179878	τὸν	G3588	the	
1TI	6	12	179879	καλὸν	G2570	good	
1TI	6	12	179880	ἀγῶνα	G73	fight	
1TI	6	12	179881	τῆς	G3588	of the	
1TI	6	12	179882	πίστεως	G4102	faith	.
1TI	6	12	179883	ἐπιλαβοῦ	G1949	Take hold	
1TI	6	12	179884	τῆς	G3588	of the	
1TI	6	12	179885	αἰωνίου	G166	eternal	
1TI	6	12	179886	ζωῆς	G2222	life	
1TI	6	12	179887	εἰς	G1519	to	
1TI	6	12	179888	ἣν	G3739	which	
1TI	6	12	179889	ἐκλήθης	G2564	you were called	
1TI	6	12	179890	καὶ	G2532	vvv	
1TI	6	12	179891	ὡμολόγησας	G3670	[when you made]	
1TI	6	12	179892	τὴν	G3588	the	
1TI	6	12	179893	καλὴν	G2570	good	
1TI	6	12	179894	ὁμολογίαν	G3671	confession	
1TI	6	12	179895	ἐνώπιον	G1799	before	
1TI	6	12	179896	πολλῶν	G4183	many	
1TI	6	12	179897	μαρτύρων	G3144	witnesses	.
1TI	6	13	179908	Παραγγέλλω	G3853	I charge	
1TI	6	13	179909	σοι	G4771	you	
1TI	6	13	179910	ἐνώπιον	G1799	in the presence	
1TI	6	13	179911	τοῦ	G3588	-	
1TI	6	13	179912	Θεοῦ	G2316	of God	,
1TI	6	13	179913	τοῦ	G3588	who	
1TI	6	13	179914	ζωογονοῦντος	G2225	gives life	
1TI	6	13	179915	τὰ	G3588	to	
1TI	6	13	179916	πάντα	G3956	all things	,
1TI	6	13	179917	καὶ	G2532	and	
1TI	6	13	179918	Χριστοῦ	G5547	of Christ	
1TI	6	13	179919	Ἰησοῦ	G2424	Jesus	,
1TI	6	13	179920	τοῦ	G3588	who	
1TI	6	13	179925	τὴν	G3588	{made} the	
1TI	6	13	179926	καλὴν	G2570	good	
1TI	6	13	179927	ὁμολογίαν	G3671	confession	
1TI	6	13	179921	μαρτυρήσαντος	G3140	in His testimony	
1TI	6	13	179922	ἐπὶ	G1909	before	
1TI	6	13	179923	Ποντίου	G4194	Pontius	
1TI	6	13	179924	Πιλάτου	G4091	Pilate	:
1TI	6	14	179938	τηρῆσαί	G5083	Keep	
1TI	6	14	179939	σε	G4771	. . .	
1TI	6	14	179940	τὴν	G3588	[this]	
1TI	6	14	179941	ἐντολὴν	G1785	commandment	
1TI	6	14	179942	ἄσπιλον	G784	without stain	
1TI	6	14	179943	ἀνεπίλημπτον	G423	[or] reproach	
1TI	6	14	179944	μέχρι	G3360	until	
1TI	6	14	179945	τῆς	G3588	the	
1TI	6	14	179946	ἐπιφανείας	G2015	appearance	
1TI	6	14	179949	ἡμῶν	G1473	of our	
1TI	6	14	179947	τοῦ	G3588	-	
1TI	6	14	179948	Κυρίου	G2962	Lord	
1TI	6	14	179950	Ἰησοῦ	G2424	Jesus	
1TI	6	14	179951	Χριστοῦ	G5547	Christ	,
1TI	6	15	179962	ἣν	G3739	which	
1TI	6	15	179966	ὁ	G3588	the	
1TI	6	15	179967	μακάριος	G3107	blessed	
1TI	6	15	179968	καὶ	G2532	and	
1TI	6	15	179969	μόνος	G3441	only	
1TI	6	15	179970	Δυνάστης	G1413	Sovereign [One]	—
1TI	6	15	179971	ὁ	G3588	the	
1TI	6	15	179972	Βασιλεὺς	G935	King	
1TI	6	15	179973	τῶν	G3588	of	
1TI	6	15	179974	βασιλευόντων	G936	kings	
1TI	6	15	179975	καὶ	G2532	and	
1TI	6	15	179976	Κύριος	G2962	Lord	
1TI	6	15	179977	τῶν	G3588	of	
1TI	6	15	179978	κυριευόντων	G2961	lords	—
1TI	6	15	179965	δείξει	G1166	will bring about	
1TI	6	15	179964	ἰδίοις	G2398	in His own	
1TI	6	15	179963	καιροῖς	G2540	time	.
1TI	6	16	179989	ὁ	G3588	[He]	
1TI	6	16	179990	μόνος	G3441	alone	
1TI	6	16	179991	ἔχων	G2192	is	
1TI	6	16	179992	ἀθανασίαν	G110	immortal	
1TI	6	16	179994	οἰκῶν	G3611	[and] dwells	
1TI	6	16	179995	ἀπρόσιτον	G676	in unapproachable	
1TI	6	16	179993	φῶς	G5457	light	.
1TI	6	16	179998	οὐδεὶς	G3762	No one	
1TI	6	16	179999	ἀνθρώπων	G444	-	
1TI	6	16	179997	εἶδεν	G3708	has ever seen	
1TI	6	16	179996	ὃν	G3739	[Him]	,
1TI	6	16	180000	οὐδὲ	G3761	nor	
1TI	6	16	180002	δύναται	G1410	can [anyone]	
1TI	6	16	180001	ἰδεῖν	G3708	see [Him]	.
1TI	6	16	180003	ᾧ	G3739	To [Him be]	
1TI	6	16	180004	τιμὴ	G5092	honor	
1TI	6	16	180005	καὶ	G2532	and	
1TI	6	16	180007	αἰώνιον	G166	eternal	
1TI	6	16	180006	κράτος	G2904	dominion	!
1TI	6	16	180008	ἀμήν	G281	Amen	.
1TI	6	17	180025	παράγγελλε	G3853	Instruct	
1TI	6	17	180019	Τοῖς	G3588	those who are	
1TI	6	17	180020	πλουσίοις	G4145	rich	
1TI	6	17	180021	ἐν	G1722	in	
1TI	6	17	180022	τῷ	G3588	the	
1TI	6	17	180023	νῦν	G3568	present	
1TI	6	17	180024	αἰῶνι	G165	age	
1TI	6	17	180026	μὴ	G3361	not	
1TI	6	17	180027	ὑψηλοφρονεῖν	G5309	to be conceited	
1TI	6	17	180028	μηδὲ	G3366	[and] not	
1TI	6	17	180029	ἠλπικέναι	G1679	to put their hope	
1TI	6	17	180030	ἐπὶ	G1909	in	
1TI	6	17	180032	ἀδηλότητι	G83	[the] uncertainty	
1TI	6	17	180031	πλούτου	G4149	of wealth	,
1TI	6	17	180033	ἀλλ’	G235	but	
1TI	6	17	180034	ἐπὶ	G1909	in	
1TI	6	17	180035	Θεῷ	G2316	God	,
1TI	6	17	180036	τῷ	G3588	who	
1TI	6	17	180040	πλουσίως	G4146	richly	
1TI	6	17	180037	παρέχοντι	G3930	provides	
1TI	6	17	180039	πάντα	G3956	all things	
1TI	6	17	180038	ἡμῖν	G1473	for us	
1TI	6	17	180041	εἰς	G1519	to	
1TI	6	17	180042	ἀπόλαυσιν	G619	enjoy	.
1TI	6	18	180053	ἀγαθοεργεῖν	G14	[Instruct them] to do good	,
1TI	6	18	180054	πλουτεῖν	G4147	to be rich	
1TI	6	18	180055	ἐν	G1722	in	
1TI	6	18	180057	καλοῖς	G2570	good	
1TI	6	18	180056	ἔργοις	G2041	works	,
1TI	6	18	180059	εἶναι	G1510	[and] to be	
1TI	6	18	180058	εὐμεταδότους	G2130	generous	
1TI	6	18	180060	κοινωνικούς	G2843	[and] ready to share	,
1TI	6	19	180071	ἀποθησαυρίζοντας	G597	treasuring up	
1TI	6	19	180072	ἑαυτοῖς	G1438	for themselves	
1TI	6	19	180074	καλὸν	G2570	a firm	
1TI	6	19	180073	θεμέλιον	G2310	foundation	
1TI	6	19	180075	εἰς	G1519	for	
1TI	6	19	180076	τὸ	G3588	the	
1TI	6	19	180077	μέλλον	G3195	future	,
1TI	6	19	180078	ἵνα	G2443	so that	
1TI	6	19	180079	ἐπιλάβωνται	G1949	they may take hold	
1TI	6	19	180080	τῆς	G3588	of	
1TI	6	19	180081	ὄντως	G3689	that which is truly	
1TI	6	19	180082	ζωῆς	G2222	life	.
1TI	6	20	180093	Ὦ	G5599	O	
1TI	6	20	180094	Τιμόθεε	G5095	Timothy	,
1TI	6	20	180097	φύλαξον	G5442	guard	
1TI	6	20	180095	τὴν	G3588	what	
1TI	6	20	180096	παραθήκην	G3866	has been entrusted [to you]	.
1TI	6	20	180098	ἐκτρεπόμενος	G1624	Avoid	
1TI	6	20	180099	τὰς	G3588	-	
1TI	6	20	180100	βεβήλους	G952	irreverent	,
1TI	6	20	180101	κενοφωνίας	G2757	empty chatter	
1TI	6	20	180102	καὶ	G2532	and	
1TI	6	20	180103	ἀντιθέσεις	G477	the opposing arguments	
1TI	6	20	180104	τῆς	G3588	-	
1TI	6	20	180105	ψευδωνύμου	G5581	of so-called	
1TI	6	20	180106	γνώσεως	G1108	knowledge	,
1TI	6	21	180117	ἥν	G3739	which	
1TI	6	21	180118	τινες	G5100	some	
1TI	6	21	180119	ἐπαγγελλόμενοι	G1861	have professed	
1TI	6	21	180123	ἠστόχησαν	G795	and [thus] swerved away	
1TI	6	21	180120	περὶ	G4012	from	
1TI	6	21	180121	τὴν	G3588	the	
1TI	6	21	180122	πίστιν	G4102	faith	.
1TI	6	21	180124	Ἡ	G3588	-	
1TI	6	21	180125	χάρις	G5485	Grace [be]	
1TI	6	21	180126	μεθ’	G3326	with	
1TI	6	21	180127	ὑμῶν	G4771	you all	.
